Team_Key,Team_Name,Division,Points,Week,Year,Opponent_Team_Key,Opponent_Team_Name,Opponent_Division,Opponent_Points
380.l.67583.t.1,Chadanno,No Division,116.26,1,2018,380.l.67583.t.8,Doc Y,No Division,125.22
380.l.67583.t.8,Doc Y,No Division,125.22,1,2018,380.l.67583.t.1,Chadanno,No Division,116.26
380.l.67583.t.2,#TheRealLandlord,No Division,136.66,1,2018,380.l.67583.t.9,Pull out ur Chubb,No Division,126.16
380.l.67583.t.9,Pull out ur Chubb,No Division,126.16,1,2018,380.l.67583.t.2,#TheRealLandlord,No Division,136.66
380.l.67583.t.3,Herndonkey,No Division,118.18,1,2018,380.l.67583.t.5,Champ's Chosen Ones,No Division,92.64
380.l.67583.t.5,Champ's Chosen Ones,No Division,92.64,1,2018,380.l.67583.t.3,Herndonkey,No Division,118.18
380.l.67583.t.4,Fat Gagger,No Division,87.74,1,2018,380.l.67583.t.7,Hep C-ity All Stars,No Division,116.24
380.l.67583.t.7,Hep C-ity All Stars,No Division,116.24,1,2018,380.l.67583.t.4,Fat Gagger,No Division,87.74
380.l.67583.t.6,Sharknadoes,No Division,112.84,1,2018,380.l.67583.t.10,Year of Mitch,No Division,127.74
380.l.67583.t.10,Year of Mitch,No Division,127.74,1,2018,380.l.67583.t.6,Sharknadoes,No Division,112.84
380.l.67583.t.1,Chadanno,No Division,103.3,2,2018,380.l.67583.t.4,Fat Gagger,No Division,106.8
380.l.67583.t.4,Fat Gagger,No Division,106.8,2,2018,380.l.67583.t.1,Chadanno,No Division,103.3
380.l.67583.t.2,#TheRealLandlord,No Division,108.98,2,2018,380.l.67583.t.7,Hep C-ity All Stars,No Division,87.96
380.l.67583.t.7,Hep C-ity All Stars,No Division,87.96,2,2018,380.l.67583.t.2,#TheRealLandlord,No Division,108.98
380.l.67583.t.3,Herndonkey,No Division,123.68,2,2018,380.l.67583.t.9,Pull out ur Chubb,No Division,114.94
380.l.67583.t.9,Pull out ur Chubb,No Division,114.94,2,2018,380.l.67583.t.3,Herndonkey,No Division,123.68
380.l.67583.t.5,Champ's Chosen Ones,No Division,95.76,2,2018,380.l.67583.t.10,Year of Mitch,No Division,179.98
380.l.67583.t.10,Year of Mitch,No Division,179.98,2,2018,380.l.67583.t.5,Champ's Chosen Ones,No Division,95.76
380.l.67583.t.6,Sharknadoes,No Division,112.1,2,2018,380.l.67583.t.8,Doc Y,No Division,119.04
380.l.67583.t.8,Doc Y,No Division,119.04,2,2018,380.l.67583.t.6,Sharknadoes,No Division,112.1
380.l.67583.t.1,Chadanno,No Division,99.14,3,2018,380.l.67583.t.2,#TheRealLandlord,No Division,118.32
380.l.67583.t.2,#TheRealLandlord,No Division,118.32,3,2018,380.l.67583.t.1,Chadanno,No Division,99.14
380.l.67583.t.3,Herndonkey,No Division,103.72,3,2018,380.l.67583.t.6,Sharknadoes,No Division,102.26
380.l.67583.t.6,Sharknadoes,No Division,102.26,3,2018,380.l.67583.t.3,Herndonkey,No Division,103.72
380.l.67583.t.4,Fat Gagger,No Division,114.8,3,2018,380.l.67583.t.10,Year of Mitch,No Division,150.96
380.l.67583.t.10,Year of Mitch,No Division,150.96,3,2018,380.l.67583.t.4,Fat Gagger,No Division,114.8
380.l.67583.t.5,Champ's Chosen Ones,No Division,87.84,3,2018,380.l.67583.t.8,Doc Y,No Division,108.48
380.l.67583.t.8,Doc Y,No Division,108.48,3,2018,380.l.67583.t.5,Champ's Chosen Ones,No Division,87.84
380.l.67583.t.7,Hep C-ity All Stars,No Division,87.74,3,2018,380.l.67583.t.9,Pull out ur Chubb,No Division,105.98
380.l.67583.t.9,Pull out ur Chubb,No Division,105.98,3,2018,380.l.67583.t.7,Hep C-ity All Stars,No Division,87.74
380.l.67583.t.1,Chadanno,No Division,76.68,4,2018,380.l.67583.t.9,Pull out ur Chubb,No Division,113.0
380.l.67583.t.9,Pull out ur Chubb,No Division,113.0,4,2018,380.l.67583.t.1,Chadanno,No Division,76.68
380.l.67583.t.2,#TheRealLandlord,No Division,116.48,4,2018,380.l.67583.t.10,Year of Mitch,No Division,136.96
380.l.67583.t.10,Year of Mitch,No Division,136.96,4,2018,380.l.67583.t.2,#TheRealLandlord,No Division,116.48
380.l.67583.t.3,Herndonkey,No Division,154.16,4,2018,380.l.67583.t.4,Fat Gagger,No Division,123.9
380.l.67583.t.4,Fat Gagger,No Division,123.9,4,2018,380.l.67583.t.3,Herndonkey,No Division,154.16
380.l.67583.t.5,Champ's Chosen Ones,No Division,130.94,4,2018,380.l.67583.t.6,Sharknadoes,No Division,135.56
380.l.67583.t.6,Sharknadoes,No Division,135.56,4,2018,380.l.67583.t.5,Champ's Chosen Ones,No Division,130.94
380.l.67583.t.7,Hep C-ity All Stars,No Division,68.42,4,2018,380.l.67583.t.8,Doc Y,No Division,136.88
380.l.67583.t.8,Doc Y,No Division,136.88,4,2018,380.l.67583.t.7,Hep C-ity All Stars,No Division,68.42
380.l.67583.t.1,Chadanno,No Division,100.62,5,2018,380.l.67583.t.7,Hep C-ity All Stars,No Division,99.04
380.l.67583.t.7,Hep C-ity All Stars,No Division,99.04,5,2018,380.l.67583.t.1,Chadanno,No Division,100.62
380.l.67583.t.2,#TheRealLandlord,No Division,101.9,5,2018,380.l.67583.t.5,Champ's Chosen Ones,No Division,143.5
380.l.67583.t.5,Champ's Chosen Ones,No Division,143.5,5,2018,380.l.67583.t.2,#TheRealLandlord,No Division,101.9
380.l.67583.t.3,Herndonkey,No Division,114.94,5,2018,380.l.67583.t.8,Doc Y,No Division,93.74
380.l.67583.t.8,Doc Y,No Division,93.74,5,2018,380.l.67583.t.3,Herndonkey,No Division,114.94
380.l.67583.t.4,Fat Gagger,No Division,129.8,5,2018,380.l.67583.t.6,Sharknadoes,No Division,138.18
380.l.67583.t.6,Sharknadoes,No Division,138.18,5,2018,380.l.67583.t.4,Fat Gagger,No Division,129.8
380.l.67583.t.9,Pull out ur Chubb,No Division,92.96,5,2018,380.l.67583.t.10,Year of Mitch,No Division,146.4
380.l.67583.t.10,Year of Mitch,No Division,146.4,5,2018,380.l.67583.t.9,Pull out ur Chubb,No Division,92.96
380.l.67583.t.1,Chadanno,No Division,137.22,6,2018,380.l.67583.t.3,Herndonkey,No Division,127.2
380.l.67583.t.3,Herndonkey,No Division,127.2,6,2018,380.l.67583.t.1,Chadanno,No Division,137.22
380.l.67583.t.2,#TheRealLandlord,No Division,110.36,6,2018,380.l.67583.t.6,Sharknadoes,No Division,111.88
380.l.67583.t.6,Sharknadoes,No Division,111.88,6,2018,380.l.67583.t.2,#TheRealLandlord,No Division,110.36
380.l.67583.t.4,Fat Gagger,No Division,99.28,6,2018,380.l.67583.t.5,Champ's Chosen Ones,No Division,172.8
380.l.67583.t.5,Champ's Chosen Ones,No Division,172.8,6,2018,380.l.67583.t.4,Fat Gagger,No Division,99.28
380.l.67583.t.7,Hep C-ity All Stars,No Division,141.3,6,2018,380.l.67583.t.10,Year of Mitch,No Division,161.5
380.l.67583.t.10,Year of Mitch,No Division,161.5,6,2018,380.l.67583.t.7,Hep C-ity All Stars,No Division,141.3
380.l.67583.t.8,Doc Y,No Division,108.08,6,2018,380.l.67583.t.9,Pull out ur Chubb,No Division,78.76
380.l.67583.t.9,Pull out ur Chubb,No Division,78.76,6,2018,380.l.67583.t.8,Doc Y,No Division,108.08
380.l.67583.t.1,Chadanno,No Division,158.86,7,2018,380.l.67583.t.5,Champ's Chosen Ones,No Division,148.46
380.l.67583.t.5,Champ's Chosen Ones,No Division,148.46,7,2018,380.l.67583.t.1,Chadanno,No Division,158.86
380.l.67583.t.2,#TheRealLandlord,No Division,112.68,7,2018,380.l.67583.t.4,Fat Gagger,No Division,126.84
380.l.67583.t.4,Fat Gagger,No Division,126.84,7,2018,380.l.67583.t.2,#TheRealLandlord,No Division,112.68
380.l.67583.t.3,Herndonkey,No Division,102.78,7,2018,380.l.67583.t.7,Hep C-ity All Stars,No Division,142.08
380.l.67583.t.7,Hep C-ity All Stars,No Division,142.08,7,2018,380.l.67583.t.3,Herndonkey,No Division,102.78
380.l.67583.t.6,Sharknadoes,No Division,101.42,7,2018,380.l.67583.t.9,Pull out ur Chubb,No Division,70.92
380.l.67583.t.9,Pull out ur Chubb,No Division,70.92,7,2018,380.l.67583.t.6,Sharknadoes,No Division,101.42
380.l.67583.t.8,Doc Y,No Division,122.3,7,2018,380.l.67583.t.10,Year of Mitch,No Division,97.46
380.l.67583.t.10,Year of Mitch,No Division,97.46,7,2018,380.l.67583.t.8,Doc Y,No Division,122.3
380.l.67583.t.1,Chadanno,No Division,95.56,8,2018,380.l.67583.t.8,Doc Y,No Division,137.62
380.l.67583.t.8,Doc Y,No Division,137.62,8,2018,380.l.67583.t.1,Chadanno,No Division,95.56
380.l.67583.t.2,#TheRealLandlord,No Division,94.1,8,2018,380.l.67583.t.3,Herndonkey,No Division,116.36
380.l.67583.t.3,Herndonkey,No Division,116.36,8,2018,380.l.67583.t.2,#TheRealLandlord,No Division,94.1
380.l.67583.t.4,Fat Gagger,No Division,123.26,8,2018,380.l.67583.t.6,Sharknadoes,No Division,120.12
380.l.67583.t.6,Sharknadoes,No Division,120.12,8,2018,380.l.67583.t.4,Fat Gagger,No Division,123.26
380.l.67583.t.5,Champ's Chosen Ones,No Division,160.06,8,2018,380.l.67583.t.9,Pull out ur Chubb,No Division,139.8
380.l.67583.t.9,Pull out ur Chubb,No Division,139.8,8,2018,380.l.67583.t.5,Champ's Chosen Ones,No Division,160.06
380.l.67583.t.7,Hep C-ity All Stars,No Division,101.64,8,2018,380.l.67583.t.10,Year of Mitch,No Division,112.4
380.l.67583.t.10,Year of Mitch,No Division,112.4,8,2018,380.l.67583.t.7,Hep C-ity All Stars,No Division,101.64
380.l.67583.t.1,Chadanno,No Division,72.76,9,2018,380.l.67583.t.6,Sharknadoes,No Division,115.2
380.l.67583.t.6,Sharknadoes,No Division,115.2,9,2018,380.l.67583.t.1,Chadanno,No Division,72.76
380.l.67583.t.2,#TheRealLandlord,No Division,156.04,9,2018,380.l.67583.t.8,Doc Y,No Division,90.3
380.l.67583.t.8,Doc Y,No Division,90.3,9,2018,380.l.67583.t.2,#TheRealLandlord,No Division,156.04
380.l.67583.t.3,Herndonkey,No Division,125.96,9,2018,380.l.67583.t.10,Year of Mitch,No Division,171.3
380.l.67583.t.10,Year of Mitch,No Division,171.3,9,2018,380.l.67583.t.3,Herndonkey,No Division,125.96
380.l.67583.t.4,Fat Gagger,No Division,109.62,9,2018,380.l.67583.t.9,Pull out ur Chubb,No Division,100.22
380.l.67583.t.9,Pull out ur Chubb,No Division,100.22,9,2018,380.l.67583.t.4,Fat Gagger,No Division,109.62
380.l.67583.t.5,Champ's Chosen Ones,No Division,87.28,9,2018,380.l.67583.t.7,Hep C-ity All Stars,No Division,112.06
380.l.67583.t.7,Hep C-ity All Stars,No Division,112.06,9,2018,380.l.67583.t.5,Champ's Chosen Ones,No Division,87.28
380.l.67583.t.1,Chadanno,No Division,142.34,10,2018,380.l.67583.t.4,Fat Gagger,No Division,119.2
380.l.67583.t.4,Fat Gagger,No Division,119.2,10,2018,380.l.67583.t.1,Chadanno,No Division,142.34
380.l.67583.t.2,#TheRealLandlord,No Division,91.1,10,2018,380.l.67583.t.7,Hep C-ity All Stars,No Division,90.56
380.l.67583.t.7,Hep C-ity All Stars,No Division,90.56,10,2018,380.l.67583.t.2,#TheRealLandlord,No Division,91.1
380.l.67583.t.3,Herndonkey,No Division,126.36,10,2018,380.l.67583.t.5,Champ's Chosen Ones,No Division,86.82
380.l.67583.t.5,Champ's Chosen Ones,No Division,86.82,10,2018,380.l.67583.t.3,Herndonkey,No Division,126.36
380.l.67583.t.6,Sharknadoes,No Division,143.66,10,2018,380.l.67583.t.10,Year of Mitch,No Division,138.3
380.l.67583.t.10,Year of Mitch,No Division,138.3,10,2018,380.l.67583.t.6,Sharknadoes,No Division,143.66
380.l.67583.t.8,Doc Y,No Division,132.5,10,2018,380.l.67583.t.9,Pull out ur Chubb,No Division,144.52
380.l.67583.t.9,Pull out ur Chubb,No Division,144.52,10,2018,380.l.67583.t.8,Doc Y,No Division,132.5
380.l.67583.t.1,Chadanno,No Division,125.38,11,2018,380.l.67583.t.10,Year of Mitch,No Division,130.04
380.l.67583.t.10,Year of Mitch,No Division,130.04,11,2018,380.l.67583.t.1,Chadanno,No Division,125.38
380.l.67583.t.2,#TheRealLandlord,No Division,113.92,11,2018,380.l.67583.t.5,Champ's Chosen Ones,No Division,147.38
380.l.67583.t.5,Champ's Chosen Ones,No Division,147.38,11,2018,380.l.67583.t.2,#TheRealLandlord,No Division,113.92
380.l.67583.t.3,Herndonkey,No Division,119.1,11,2018,380.l.67583.t.9,Pull out ur Chubb,No Division,124.84
380.l.67583.t.9,Pull out ur Chubb,No Division,124.84,11,2018,380.l.67583.t.3,Herndonkey,No Division,119.1
380.l.67583.t.4,Fat Gagger,No Division,98.58,11,2018,380.l.67583.t.8,Doc Y,No Division,86.44
380.l.67583.t.8,Doc Y,No Division,86.44,11,2018,380.l.67583.t.4,Fat Gagger,No Division,98.58
380.l.67583.t.6,Sharknadoes,No Division,149.72,11,2018,380.l.67583.t.7,Hep C-ity All Stars,No Division,70.58
380.l.67583.t.7,Hep C-ity All Stars,No Division,70.58,11,2018,380.l.67583.t.6,Sharknadoes,No Division,149.72
380.l.67583.t.1,Chadanno,No Division,110.18,12,2018,380.l.67583.t.3,Herndonkey,No Division,127.88
380.l.67583.t.3,Herndonkey,No Division,127.88,12,2018,380.l.67583.t.1,Chadanno,No Division,110.18
380.l.67583.t.2,#TheRealLandlord,No Division,94.94,12,2018,380.l.67583.t.4,Fat Gagger,No Division,97.82
380.l.67583.t.4,Fat Gagger,No Division,97.82,12,2018,380.l.67583.t.2,#TheRealLandlord,No Division,94.94
380.l.67583.t.5,Champ's Chosen Ones,No Division,125.94,12,2018,380.l.67583.t.10,Year of Mitch,No Division,130.98
380.l.67583.t.10,Year of Mitch,No Division,130.98,12,2018,380.l.67583.t.5,Champ's Chosen Ones,No Division,125.94
380.l.67583.t.6,Sharknadoes,No Division,115.62,12,2018,380.l.67583.t.8,Doc Y,No Division,106.24
380.l.67583.t.8,Doc Y,No Division,106.24,12,2018,380.l.67583.t.6,Sharknadoes,No Division,115.62
380.l.67583.t.7,Hep C-ity All Stars,No Division,127.92,12,2018,380.l.67583.t.9,Pull out ur Chubb,No Division,174.26
380.l.67583.t.9,Pull out ur Chubb,No Division,174.26,12,2018,380.l.67583.t.7,Hep C-ity All Stars,No Division,127.92
380.l.67583.t.1,Chadanno,No Division,90.7,13,2018,380.l.67583.t.2,#TheRealLandlord,No Division,54.68
380.l.67583.t.2,#TheRealLandlord,No Division,54.68,13,2018,380.l.67583.t.1,Chadanno,No Division,90.7
380.l.67583.t.3,Herndonkey,No Division,100.46,13,2018,380.l.67583.t.8,Doc Y,No Division,100.0
380.l.67583.t.8,Doc Y,No Division,100.0,13,2018,380.l.67583.t.3,Herndonkey,No Division,100.46
380.l.67583.t.4,Fat Gagger,No Division,101.52,13,2018,380.l.67583.t.5,Champ's Chosen Ones,No Division,152.3
380.l.67583.t.5,Champ's Chosen Ones,No Division,152.3,13,2018,380.l.67583.t.4,Fat Gagger,No Division,101.52
380.l.67583.t.6,Sharknadoes,No Division,123.3,13,2018,380.l.67583.t.7,Hep C-ity All Stars,No Division,117.42
380.l.67583.t.7,Hep C-ity All Stars,No Division,117.42,13,2018,380.l.67583.t.6,Sharknadoes,No Division,123.3
380.l.67583.t.9,Pull out ur Chubb,No Division,122.16,13,2018,380.l.67583.t.10,Year of Mitch,No Division,100.34
380.l.67583.t.10,Year of Mitch,No Division,100.34,13,2018,380.l.67583.t.9,Pull out ur Chubb,No Division,122.16
380.l.67583.t.3,Herndonkey,No Division,109.72,14,2018,380.l.67583.t.4,Fat Gagger,No Division,92.68
380.l.67583.t.4,Fat Gagger,No Division,92.68,14,2018,380.l.67583.t.3,Herndonkey,No Division,109.72
380.l.67583.t.8,Doc Y,No Division,73.78,14,2018,380.l.67583.t.9,Pull out ur Chubb,No Division,115.4
380.l.67583.t.9,Pull out ur Chubb,No Division,115.4,14,2018,380.l.67583.t.8,Doc Y,No Division,73.78
380.l.67583.t.1,Chadanno,No Division,76.3,15,2018,380.l.67583.t.2,#TheRealLandlord,No Division,117.26
380.l.67583.t.2,#TheRealLandlord,No Division,117.26,15,2018,380.l.67583.t.1,Chadanno,No Division,76.3
380.l.67583.t.3,Herndonkey,No Division,156.36,15,2018,380.l.67583.t.6,Sharknadoes,No Division,112.82
380.l.67583.t.6,Sharknadoes,No Division,112.82,15,2018,380.l.67583.t.3,Herndonkey,No Division,156.36
380.l.67583.t.4,Fat Gagger,No Division,76.98,15,2018,380.l.67583.t.8,Doc Y,No Division,79.98
380.l.67583.t.8,Doc Y,No Division,79.98,15,2018,380.l.67583.t.4,Fat Gagger,No Division,76.98
380.l.67583.t.5,Champ's Chosen Ones,No Division,85.54,15,2018,380.l.67583.t.7,Hep C-ity All Stars,No Division,101.16
380.l.67583.t.7,Hep C-ity All Stars,No Division,101.16,15,2018,380.l.67583.t.5,Champ's Chosen Ones,No Division,85.54
380.l.67583.t.9,Pull out ur Chubb,No Division,94.82,15,2018,380.l.67583.t.10,Year of Mitch,No Division,87.94
380.l.67583.t.10,Year of Mitch,No Division,87.94,15,2018,380.l.67583.t.9,Pull out ur Chubb,No Division,94.82
380.l.67583.t.1,Chadanno,No Division,95.94,16,2018,380.l.67583.t.5,Champ's Chosen Ones,No Division,132.78
380.l.67583.t.5,Champ's Chosen Ones,No Division,132.78,16,2018,380.l.67583.t.1,Chadanno,No Division,95.94
380.l.67583.t.2,#TheRealLandlord,No Division,132.0,16,2018,380.l.67583.t.7,Hep C-ity All Stars,No Division,105.68
380.l.67583.t.7,Hep C-ity All Stars,No Division,105.68,16,2018,380.l.67583.t.2,#TheRealLandlord,No Division,132.0
380.l.67583.t.3,Herndonkey,No Division,139.94,16,2018,380.l.67583.t.9,Pull out ur Chubb,No Division,79.84
380.l.67583.t.9,Pull out ur Chubb,No Division,79.84,16,2018,380.l.67583.t.3,Herndonkey,No Division,139.94
380.l.67583.t.6,Sharknadoes,No Division,110.12,16,2018,380.l.67583.t.10,Year of Mitch,No Division,116.06
380.l.67583.t.10,Year of Mitch,No Division,116.06,16,2018,380.l.67583.t.6,Sharknadoes,No Division,110.12
390.l.43068.t.1,Che Danno,No Division,152.0,1,2019,390.l.43068.t.5,BROTHER SHAMUS,No Division,127.02
390.l.43068.t.5,BROTHER SHAMUS,No Division,127.02,1,2019,390.l.43068.t.1,Che Danno,No Division,152.0
390.l.43068.t.2,2 Cooper's 1 Kupp,No Division,132.04,1,2019,390.l.43068.t.3,Champ's Chosen Ones,No Division,90.84
390.l.43068.t.3,Champ's Chosen Ones,No Division,90.84,1,2019,390.l.43068.t.2,2 Cooper's 1 Kupp,No Division,132.04
390.l.43068.t.4,Doc Y,No Division,135.02,1,2019,390.l.43068.t.6,Hep C-ity Rejects,No Division,110.52
390.l.43068.t.6,Hep C-ity Rejects,No Division,110.52,1,2019,390.l.43068.t.4,Doc Y,No Division,135.02
390.l.43068.t.7,Herndiggler,No Division,113.52,1,2019,390.l.43068.t.8,Sharknadoes,No Division,89.86
390.l.43068.t.8,Sharknadoes,No Division,89.86,1,2019,390.l.43068.t.7,Herndiggler,No Division,113.52
390.l.43068.t.9,Uno,No Division,96.26,1,2019,390.l.43068.t.10,SBTFers,No Division,117.88
390.l.43068.t.10,SBTFers,No Division,117.88,1,2019,390.l.43068.t.9,Uno,No Division,96.26
390.l.43068.t.1,Che Danno,No Division,98.2,2,2019,390.l.43068.t.2,2 Cooper's 1 Kupp,No Division,122.4
390.l.43068.t.2,2 Cooper's 1 Kupp,No Division,122.4,2,2019,390.l.43068.t.1,Che Danno,No Division,98.2
390.l.43068.t.3,Champ's Chosen Ones,No Division,118.52,2,2019,390.l.43068.t.7,Herndiggler,No Division,105.76
390.l.43068.t.7,Herndiggler,No Division,105.76,2,2019,390.l.43068.t.3,Champ's Chosen Ones,No Division,118.52
390.l.43068.t.4,Doc Y,No Division,91.14,2,2019,390.l.43068.t.10,SBTFers,No Division,107.36
390.l.43068.t.10,SBTFers,No Division,107.36,2,2019,390.l.43068.t.4,Doc Y,No Division,91.14
390.l.43068.t.5,BROTHER SHAMUS,No Division,172.92,2,2019,390.l.43068.t.8,Sharknadoes,No Division,114.76
390.l.43068.t.8,Sharknadoes,No Division,114.76,2,2019,390.l.43068.t.5,BROTHER SHAMUS,No Division,172.92
390.l.43068.t.6,Hep C-ity Rejects,No Division,111.76,2,2019,390.l.43068.t.9,Uno,No Division,95.28
390.l.43068.t.9,Uno,No Division,95.28,2,2019,390.l.43068.t.6,Hep C-ity Rejects,No Division,111.76
390.l.43068.t.1,Che Danno,No Division,138.62,3,2019,390.l.43068.t.9,Uno,No Division,108.98
390.l.43068.t.9,Uno,No Division,108.98,3,2019,390.l.43068.t.1,Che Danno,No Division,138.62
390.l.43068.t.2,2 Cooper's 1 Kupp,No Division,123.46,3,2019,390.l.43068.t.4,Doc Y,No Division,103.96
390.l.43068.t.4,Doc Y,No Division,103.96,3,2019,390.l.43068.t.2,2 Cooper's 1 Kupp,No Division,123.46
390.l.43068.t.3,Champ's Chosen Ones,No Division,105.22,3,2019,390.l.43068.t.5,BROTHER SHAMUS,No Division,103.16
390.l.43068.t.5,BROTHER SHAMUS,No Division,103.16,3,2019,390.l.43068.t.3,Champ's Chosen Ones,No Division,105.22
390.l.43068.t.6,Hep C-ity Rejects,No Division,116.24,3,2019,390.l.43068.t.8,Sharknadoes,No Division,151.14
390.l.43068.t.8,Sharknadoes,No Division,151.14,3,2019,390.l.43068.t.6,Hep C-ity Rejects,No Division,116.24
390.l.43068.t.7,Herndiggler,No Division,126.0,3,2019,390.l.43068.t.10,SBTFers,No Division,135.44
390.l.43068.t.10,SBTFers,No Division,135.44,3,2019,390.l.43068.t.7,Herndiggler,No Division,126.0
390.l.43068.t.1,Che Danno,No Division,105.62,4,2019,390.l.43068.t.3,Champ's Chosen Ones,No Division,102.08
390.l.43068.t.3,Champ's Chosen Ones,No Division,102.08,4,2019,390.l.43068.t.1,Che Danno,No Division,105.62
390.l.43068.t.2,2 Cooper's 1 Kupp,No Division,108.6,4,2019,390.l.43068.t.9,Uno,No Division,110.78
390.l.43068.t.9,Uno,No Division,110.78,4,2019,390.l.43068.t.2,2 Cooper's 1 Kupp,No Division,108.6
390.l.43068.t.4,Doc Y,No Division,103.9,4,2019,390.l.43068.t.10,SBTFers,No Division,81.7
390.l.43068.t.10,SBTFers,No Division,81.7,4,2019,390.l.43068.t.4,Doc Y,No Division,103.9
390.l.43068.t.5,BROTHER SHAMUS,No Division,157.8,4,2019,390.l.43068.t.6,Hep C-ity Rejects,No Division,80.0
390.l.43068.t.6,Hep C-ity Rejects,No Division,80.0,4,2019,390.l.43068.t.5,BROTHER SHAMUS,No Division,157.8
390.l.43068.t.7,Herndiggler,No Division,134.48,4,2019,390.l.43068.t.8,Sharknadoes,No Division,90.02
390.l.43068.t.8,Sharknadoes,No Division,90.02,4,2019,390.l.43068.t.7,Herndiggler,No Division,134.48
390.l.43068.t.1,Che Danno,No Division,110.28,5,2019,390.l.43068.t.4,Doc Y,No Division,113.86
390.l.43068.t.4,Doc Y,No Division,113.86,5,2019,390.l.43068.t.1,Che Danno,No Division,110.28
390.l.43068.t.2,2 Cooper's 1 Kupp,No Division,129.44,5,2019,390.l.43068.t.7,Herndiggler,No Division,154.14
390.l.43068.t.7,Herndiggler,No Division,154.14,5,2019,390.l.43068.t.2,2 Cooper's 1 Kupp,No Division,129.44
390.l.43068.t.3,Champ's Chosen Ones,No Division,96.24,5,2019,390.l.43068.t.5,BROTHER SHAMUS,No Division,110.54
390.l.43068.t.5,BROTHER SHAMUS,No Division,110.54,5,2019,390.l.43068.t.3,Champ's Chosen Ones,No Division,96.24
390.l.43068.t.6,Hep C-ity Rejects,No Division,163.34,5,2019,390.l.43068.t.9,Uno,No Division,127.84
390.l.43068.t.9,Uno,No Division,127.84,5,2019,390.l.43068.t.6,Hep C-ity Rejects,No Division,163.34
390.l.43068.t.8,Sharknadoes,No Division,76.66,5,2019,390.l.43068.t.10,SBTFers,No Division,191.12
390.l.43068.t.10,SBTFers,No Division,191.12,5,2019,390.l.43068.t.8,Sharknadoes,No Division,76.66
390.l.43068.t.1,Che Danno,No Division,98.42,6,2019,390.l.43068.t.10,SBTFers,No Division,119.16
390.l.43068.t.10,SBTFers,No Division,119.16,6,2019,390.l.43068.t.1,Che Danno,No Division,98.42
390.l.43068.t.2,2 Cooper's 1 Kupp,No Division,98.84,6,2019,390.l.43068.t.6,Hep C-ity Rejects,No Division,93.6
390.l.43068.t.6,Hep C-ity Rejects,No Division,93.6,6,2019,390.l.43068.t.2,2 Cooper's 1 Kupp,No Division,98.84
390.l.43068.t.3,Champ's Chosen Ones,No Division,72.72,6,2019,390.l.43068.t.9,Uno,No Division,118.44
390.l.43068.t.9,Uno,No Division,118.44,6,2019,390.l.43068.t.3,Champ's Chosen Ones,No Division,72.72
390.l.43068.t.4,Doc Y,No Division,128.04,6,2019,390.l.43068.t.8,Sharknadoes,No Division,109.22
390.l.43068.t.8,Sharknadoes,No Division,109.22,6,2019,390.l.43068.t.4,Doc Y,No Division,128.04
390.l.43068.t.5,BROTHER SHAMUS,No Division,170.42,6,2019,390.l.43068.t.7,Herndiggler,No Division,109.2
390.l.43068.t.7,Herndiggler,No Division,109.2,6,2019,390.l.43068.t.5,BROTHER SHAMUS,No Division,170.42
390.l.43068.t.1,Che Danno,No Division,125.88,7,2019,390.l.43068.t.6,Hep C-ity Rejects,No Division,104.32
390.l.43068.t.6,Hep C-ity Rejects,No Division,104.32,7,2019,390.l.43068.t.1,Che Danno,No Division,125.88
390.l.43068.t.2,2 Cooper's 1 Kupp,No Division,67.26,7,2019,390.l.43068.t.10,SBTFers,No Division,101.36
390.l.43068.t.10,SBTFers,No Division,101.36,7,2019,390.l.43068.t.2,2 Cooper's 1 Kupp,No Division,67.26
390.l.43068.t.3,Champ's Chosen Ones,No Division,140.44,7,2019,390.l.43068.t.8,Sharknadoes,No Division,89.26
390.l.43068.t.8,Sharknadoes,No Division,89.26,7,2019,390.l.43068.t.3,Champ's Chosen Ones,No Division,140.44
390.l.43068.t.4,Doc Y,No Division,51.64,7,2019,390.l.43068.t.7,Herndiggler,No Division,93.06
390.l.43068.t.7,Herndiggler,No Division,93.06,7,2019,390.l.43068.t.4,Doc Y,No Division,51.64
390.l.43068.t.5,BROTHER SHAMUS,No Division,130.54,7,2019,390.l.43068.t.9,Uno,No Division,94.62
390.l.43068.t.9,Uno,No Division,94.62,7,2019,390.l.43068.t.5,BROTHER SHAMUS,No Division,130.54
390.l.43068.t.1,Che Danno,No Division,98.56,8,2019,390.l.43068.t.10,SBTFers,No Division,164.76
390.l.43068.t.10,SBTFers,No Division,164.76,8,2019,390.l.43068.t.1,Che Danno,No Division,98.56
390.l.43068.t.2,2 Cooper's 1 Kupp,No Division,124.3,8,2019,390.l.43068.t.7,Herndiggler,No Division,101.8
390.l.43068.t.7,Herndiggler,No Division,101.8,8,2019,390.l.43068.t.2,2 Cooper's 1 Kupp,No Division,124.3
390.l.43068.t.3,Champ's Chosen Ones,No Division,73.68,8,2019,390.l.43068.t.6,Hep C-ity Rejects,No Division,137.26
390.l.43068.t.6,Hep C-ity Rejects,No Division,137.26,8,2019,390.l.43068.t.3,Champ's Chosen Ones,No Division,73.68
390.l.43068.t.4,Doc Y,No Division,87.48,8,2019,390.l.43068.t.5,BROTHER SHAMUS,No Division,133.68
390.l.43068.t.5,BROTHER SHAMUS,No Division,133.68,8,2019,390.l.43068.t.4,Doc Y,No Division,87.48
390.l.43068.t.8,Sharknadoes,No Division,121.64,8,2019,390.l.43068.t.9,Uno,No Division,93.36
390.l.43068.t.9,Uno,No Division,93.36,8,2019,390.l.43068.t.8,Sharknadoes,No Division,121.64
390.l.43068.t.1,Che Danno,No Division,110.7,9,2019,390.l.43068.t.7,Herndiggler,No Division,116.04
390.l.43068.t.7,Herndiggler,No Division,116.04,9,2019,390.l.43068.t.1,Che Danno,No Division,110.7
390.l.43068.t.2,2 Cooper's 1 Kupp,No Division,110.2,9,2019,390.l.43068.t.8,Sharknadoes,No Division,122.98
390.l.43068.t.8,Sharknadoes,No Division,122.98,9,2019,390.l.43068.t.2,2 Cooper's 1 Kupp,No Division,110.2
390.l.43068.t.3,Champ's Chosen Ones,No Division,119.22,9,2019,390.l.43068.t.4,Doc Y,No Division,108.76
390.l.43068.t.4,Doc Y,No Division,108.76,9,2019,390.l.43068.t.3,Champ's Chosen Ones,No Division,119.22
390.l.43068.t.5,BROTHER SHAMUS,No Division,105.34,9,2019,390.l.43068.t.6,Hep C-ity Rejects,No Division,80.04
390.l.43068.t.6,Hep C-ity Rejects,No Division,80.04,9,2019,390.l.43068.t.5,BROTHER SHAMUS,No Division,105.34
390.l.43068.t.9,Uno,No Division,91.22,9,2019,390.l.43068.t.10,SBTFers,No Division,136.2
390.l.43068.t.10,SBTFers,No Division,136.2,9,2019,390.l.43068.t.9,Uno,No Division,91.22
390.l.43068.t.1,Che Danno,No Division,117.64,10,2019,390.l.43068.t.5,BROTHER SHAMUS,No Division,114.64
390.l.43068.t.5,BROTHER SHAMUS,No Division,114.64,10,2019,390.l.43068.t.1,Che Danno,No Division,117.64
390.l.43068.t.2,2 Cooper's 1 Kupp,No Division,109.68,10,2019,390.l.43068.t.6,Hep C-ity Rejects,No Division,79.22
390.l.43068.t.6,Hep C-ity Rejects,No Division,79.22,10,2019,390.l.43068.t.2,2 Cooper's 1 Kupp,No Division,109.68
390.l.43068.t.3,Champ's Chosen Ones,No Division,115.48,10,2019,390.l.43068.t.4,Doc Y,No Division,82.42
390.l.43068.t.4,Doc Y,No Division,82.42,10,2019,390.l.43068.t.3,Champ's Chosen Ones,No Division,115.48
390.l.43068.t.7,Herndiggler,No Division,120.62,10,2019,390.l.43068.t.10,SBTFers,No Division,122.38
390.l.43068.t.10,SBTFers,No Division,122.38,10,2019,390.l.43068.t.7,Herndiggler,No Division,120.62
390.l.43068.t.8,Sharknadoes,No Division,87.82,10,2019,390.l.43068.t.9,Uno,No Division,155.52
390.l.43068.t.9,Uno,No Division,155.52,10,2019,390.l.43068.t.8,Sharknadoes,No Division,87.82
390.l.43068.t.1,Che Danno,No Division,132.24,11,2019,390.l.43068.t.8,Sharknadoes,No Division,132.66
390.l.43068.t.8,Sharknadoes,No Division,132.66,11,2019,390.l.43068.t.1,Che Danno,No Division,132.24
390.l.43068.t.2,2 Cooper's 1 Kupp,No Division,108.62,11,2019,390.l.43068.t.5,BROTHER SHAMUS,No Division,85.28
390.l.43068.t.5,BROTHER SHAMUS,No Division,85.28,11,2019,390.l.43068.t.2,2 Cooper's 1 Kupp,No Division,108.62
390.l.43068.t.3,Champ's Chosen Ones,No Division,101.72,11,2019,390.l.43068.t.10,SBTFers,No Division,107.36
390.l.43068.t.10,SBTFers,No Division,107.36,11,2019,390.l.43068.t.3,Champ's Chosen Ones,No Division,101.72
390.l.43068.t.4,Doc Y,No Division,112.08,11,2019,390.l.43068.t.9,Uno,No Division,106.88
390.l.43068.t.9,Uno,No Division,106.88,11,2019,390.l.43068.t.4,Doc Y,No Division,112.08
390.l.43068.t.6,Hep C-ity Rejects,No Division,87.56,11,2019,390.l.43068.t.7,Herndiggler,No Division,99.06
390.l.43068.t.7,Herndiggler,No Division,99.06,11,2019,390.l.43068.t.6,Hep C-ity Rejects,No Division,87.56
390.l.43068.t.1,Che Danno,No Division,97.5,12,2019,390.l.43068.t.6,Hep C-ity Rejects,No Division,75.32
390.l.43068.t.6,Hep C-ity Rejects,No Division,75.32,12,2019,390.l.43068.t.1,Che Danno,No Division,97.5
390.l.43068.t.2,2 Cooper's 1 Kupp,No Division,81.54,12,2019,390.l.43068.t.3,Champ's Chosen Ones,No Division,103.8
390.l.43068.t.3,Champ's Chosen Ones,No Division,103.8,12,2019,390.l.43068.t.2,2 Cooper's 1 Kupp,No Division,81.54
390.l.43068.t.4,Doc Y,No Division,82.44,12,2019,390.l.43068.t.8,Sharknadoes,No Division,118.32
390.l.43068.t.8,Sharknadoes,No Division,118.32,12,2019,390.l.43068.t.4,Doc Y,No Division,82.44
390.l.43068.t.5,BROTHER SHAMUS,No Division,112.66,12,2019,390.l.43068.t.10,SBTFers,No Division,111.1
390.l.43068.t.10,SBTFers,No Division,111.1,12,2019,390.l.43068.t.5,BROTHER SHAMUS,No Division,112.66
390.l.43068.t.7,Herndiggler,No Division,116.06,12,2019,390.l.43068.t.9,Uno,No Division,151.36
390.l.43068.t.9,Uno,No Division,151.36,12,2019,390.l.43068.t.7,Herndiggler,No Division,116.06
390.l.43068.t.1,Che Danno,No Division,111.18,13,2019,390.l.43068.t.4,Doc Y,No Division,90.76
390.l.43068.t.4,Doc Y,No Division,90.76,13,2019,390.l.43068.t.1,Che Danno,No Division,111.18
390.l.43068.t.2,2 Cooper's 1 Kupp,No Division,119.26,13,2019,390.l.43068.t.9,Uno,No Division,81.9
390.l.43068.t.9,Uno,No Division,81.9,13,2019,390.l.43068.t.2,2 Cooper's 1 Kupp,No Division,119.26
390.l.43068.t.3,Champ's Chosen Ones,No Division,90.72,13,2019,390.l.43068.t.8,Sharknadoes,No Division,116.72
390.l.43068.t.8,Sharknadoes,No Division,116.72,13,2019,390.l.43068.t.3,Champ's Chosen Ones,No Division,90.72
390.l.43068.t.5,BROTHER SHAMUS,No Division,80.7,13,2019,390.l.43068.t.7,Herndiggler,No Division,94.72
390.l.43068.t.7,Herndiggler,No Division,94.72,13,2019,390.l.43068.t.5,BROTHER SHAMUS,No Division,80.7
390.l.43068.t.6,Hep C-ity Rejects,No Division,106.66,13,2019,390.l.43068.t.10,SBTFers,No Division,84.64
390.l.43068.t.10,SBTFers,No Division,84.64,13,2019,390.l.43068.t.6,Hep C-ity Rejects,No Division,106.66
390.l.43068.t.1,Che Danno,No Division,129.0,14,2019,390.l.43068.t.7,Herndiggler,No Division,95.0
390.l.43068.t.7,Herndiggler,No Division,95.0,14,2019,390.l.43068.t.1,Che Danno,No Division,129.0
390.l.43068.t.2,2 Cooper's 1 Kupp,No Division,105.08,14,2019,390.l.43068.t.8,Sharknadoes,No Division,88.06
390.l.43068.t.8,Sharknadoes,No Division,88.06,14,2019,390.l.43068.t.2,2 Cooper's 1 Kupp,No Division,105.08
390.l.43068.t.1,Che Danno,No Division,117.3,15,2019,390.l.43068.t.10,SBTFers,No Division,127.08
390.l.43068.t.10,SBTFers,No Division,127.08,15,2019,390.l.43068.t.1,Che Danno,No Division,117.3
390.l.43068.t.2,2 Cooper's 1 Kupp,No Division,99.88,15,2019,390.l.43068.t.5,BROTHER SHAMUS,No Division,137.4
390.l.43068.t.5,BROTHER SHAMUS,No Division,137.4,15,2019,390.l.43068.t.2,2 Cooper's 1 Kupp,No Division,99.88
390.l.43068.t.3,Champ's Chosen Ones,No Division,110.94,15,2019,390.l.43068.t.6,Hep C-ity Rejects,No Division,90.92
390.l.43068.t.6,Hep C-ity Rejects,No Division,90.92,15,2019,390.l.43068.t.3,Champ's Chosen Ones,No Division,110.94
390.l.43068.t.4,Doc Y,No Division,118.26,15,2019,390.l.43068.t.9,Uno,No Division,117.58
390.l.43068.t.9,Uno,No Division,117.58,15,2019,390.l.43068.t.4,Doc Y,No Division,118.26
390.l.43068.t.7,Herndiggler,No Division,106.46,15,2019,390.l.43068.t.8,Sharknadoes,No Division,150.22
390.l.43068.t.8,Sharknadoes,No Division,150.22,15,2019,390.l.43068.t.7,Herndiggler,No Division,106.46
390.l.43068.t.1,Che Danno,No Division,96.72,16,2019,390.l.43068.t.2,2 Cooper's 1 Kupp,No Division,100.06
390.l.43068.t.2,2 Cooper's 1 Kupp,No Division,100.06,16,2019,390.l.43068.t.1,Che Danno,No Division,96.72
390.l.43068.t.3,Champ's Chosen Ones,No Division,114.96,16,2019,390.l.43068.t.4,Doc Y,No Division,107.76
390.l.43068.t.4,Doc Y,No Division,107.76,16,2019,390.l.43068.t.3,Champ's Chosen Ones,No Division,114.96
390.l.43068.t.5,BROTHER SHAMUS,No Division,113.74,16,2019,390.l.43068.t.10,SBTFers,No Division,113.06
390.l.43068.t.10,SBTFers,No Division,113.06,16,2019,390.l.43068.t.5,BROTHER SHAMUS,No Division,113.74
390.l.43068.t.6,Hep C-ity Rejects,No Division,72.66,16,2019,390.l.43068.t.9,Uno,No Division,122.42
390.l.43068.t.9,Uno,No Division,122.42,16,2019,390.l.43068.t.6,Hep C-ity Rejects,No Division,72.66
399.l.643103.t.1,daniel,No Division,122.68,1,2020,399.l.643103.t.2,Mixon It Up,No Division,73.9
399.l.643103.t.2,Mixon It Up,No Division,73.9,1,2020,399.l.643103.t.1,daniel,No Division,122.68
399.l.643103.t.3,Champ's Chosen Ones,No Division,144.16,1,2020,399.l.643103.t.8,Sharknadoes,No Division,145.92
399.l.643103.t.8,Sharknadoes,No Division,145.92,1,2020,399.l.643103.t.3,Champ's Chosen Ones,No Division,144.16
399.l.643103.t.4,Doc Y,No Division,116.74,1,2020,399.l.643103.t.7,Herndiggler,No Division,150.14
399.l.643103.t.7,Herndiggler,No Division,150.14,1,2020,399.l.643103.t.4,Doc Y,No Division,116.74
399.l.643103.t.5,BROTHER SHAMUS,No Division,121.0,1,2020,399.l.643103.t.10,SBTFers,No Division,69.7
399.l.643103.t.10,SBTFers,No Division,69.7,1,2020,399.l.643103.t.5,BROTHER SHAMUS,No Division,121.0
399.l.643103.t.1,daniel,No Division,142.22,2,2020,399.l.643103.t.3,Champ's Chosen Ones,No Division,97.1
399.l.643103.t.3,Champ's Chosen Ones,No Division,97.1,2,2020,399.l.643103.t.1,daniel,No Division,142.22
399.l.643103.t.2,Mixon It Up,No Division,89.38,2,2020,399.l.643103.t.10,SBTFers,No Division,121.5
399.l.643103.t.10,SBTFers,No Division,121.5,2,2020,399.l.643103.t.2,Mixon It Up,No Division,89.38
399.l.643103.t.4,Doc Y,No Division,140.8,2,2020,399.l.643103.t.8,Sharknadoes,No Division,149.62
399.l.643103.t.8,Sharknadoes,No Division,149.62,2,2020,399.l.643103.t.4,Doc Y,No Division,140.8
399.l.643103.t.5,BROTHER SHAMUS,No Division,121.16,2,2020,399.l.643103.t.7,Herndiggler,No Division,123.48
399.l.643103.t.7,Herndiggler,No Division,123.48,2,2020,399.l.643103.t.5,BROTHER SHAMUS,No Division,121.16
399.l.643103.t.1,daniel,No Division,139.8,3,2020,399.l.643103.t.4,Doc Y,No Division,136.08
399.l.643103.t.4,Doc Y,No Division,136.08,3,2020,399.l.643103.t.1,daniel,No Division,139.8
399.l.643103.t.2,Mixon It Up,No Division,84.22,3,2020,399.l.643103.t.3,Champ's Chosen Ones,No Division,91.98
399.l.643103.t.3,Champ's Chosen Ones,No Division,91.98,3,2020,399.l.643103.t.2,Mixon It Up,No Division,84.22
399.l.643103.t.5,BROTHER SHAMUS,No Division,150.58,3,2020,399.l.643103.t.8,Sharknadoes,No Division,124.62
399.l.643103.t.8,Sharknadoes,No Division,124.62,3,2020,399.l.643103.t.5,BROTHER SHAMUS,No Division,150.58
399.l.643103.t.7,Herndiggler,No Division,137.0,3,2020,399.l.643103.t.10,SBTFers,No Division,119.0
399.l.643103.t.10,SBTFers,No Division,119.0,3,2020,399.l.643103.t.7,Herndiggler,No Division,137.0
399.l.643103.t.1,daniel,No Division,70.5,4,2020,399.l.643103.t.5,BROTHER SHAMUS,No Division,135.72
399.l.643103.t.5,BROTHER SHAMUS,No Division,135.72,4,2020,399.l.643103.t.1,daniel,No Division,70.5
399.l.643103.t.2,Mixon It Up,No Division,197.68,4,2020,399.l.643103.t.4,Doc Y,No Division,115.08
399.l.643103.t.4,Doc Y,No Division,115.08,4,2020,399.l.643103.t.2,Mixon It Up,No Division,197.68
399.l.643103.t.3,Champ's Chosen Ones,No Division,105.1,4,2020,399.l.643103.t.10,SBTFers,No Division,80.42
399.l.643103.t.10,SBTFers,No Division,80.42,4,2020,399.l.643103.t.3,Champ's Chosen Ones,No Division,105.1
399.l.643103.t.7,Herndiggler,No Division,84.44,4,2020,399.l.643103.t.8,Sharknadoes,No Division,114.6
399.l.643103.t.8,Sharknadoes,No Division,114.6,4,2020,399.l.643103.t.7,Herndiggler,No Division,84.44
399.l.643103.t.1,daniel,No Division,101.18,5,2020,399.l.643103.t.7,Herndiggler,No Division,128.1
399.l.643103.t.7,Herndiggler,No Division,128.1,5,2020,399.l.643103.t.1,daniel,No Division,101.18
399.l.643103.t.2,Mixon It Up,No Division,94.92,5,2020,399.l.643103.t.5,BROTHER SHAMUS,No Division,128.3
399.l.643103.t.5,BROTHER SHAMUS,No Division,128.3,5,2020,399.l.643103.t.2,Mixon It Up,No Division,94.92
399.l.643103.t.3,Champ's Chosen Ones,No Division,114.24,5,2020,399.l.643103.t.4,Doc Y,No Division,107.94
399.l.643103.t.4,Doc Y,No Division,107.94,5,2020,399.l.643103.t.3,Champ's Chosen Ones,No Division,114.24
399.l.643103.t.8,Sharknadoes,No Division,145.06,5,2020,399.l.643103.t.10,SBTFers,No Division,92.0
399.l.643103.t.10,SBTFers,No Division,92.0,5,2020,399.l.643103.t.8,Sharknadoes,No Division,145.06
399.l.643103.t.1,daniel,No Division,140.36,6,2020,399.l.643103.t.8,Sharknadoes,No Division,111.3
399.l.643103.t.8,Sharknadoes,No Division,111.3,6,2020,399.l.643103.t.1,daniel,No Division,140.36
399.l.643103.t.2,Mixon It Up,No Division,72.0,6,2020,399.l.643103.t.7,Herndiggler,No Division,145.1
399.l.643103.t.7,Herndiggler,No Division,145.1,6,2020,399.l.643103.t.2,Mixon It Up,No Division,72.0
399.l.643103.t.3,Champ's Chosen Ones,No Division,98.18,6,2020,399.l.643103.t.5,BROTHER SHAMUS,No Division,87.44
399.l.643103.t.5,BROTHER SHAMUS,No Division,87.44,6,2020,399.l.643103.t.3,Champ's Chosen Ones,No Division,98.18
399.l.643103.t.4,Doc Y,No Division,92.98,6,2020,399.l.643103.t.10,SBTFers,No Division,116.32
399.l.643103.t.10,SBTFers,No Division,116.32,6,2020,399.l.643103.t.4,Doc Y,No Division,92.98
399.l.643103.t.1,daniel,No Division,127.42,7,2020,399.l.643103.t.10,SBTFers,No Division,150.7
399.l.643103.t.10,SBTFers,No Division,150.7,7,2020,399.l.643103.t.1,daniel,No Division,127.42
399.l.643103.t.2,Mixon It Up,No Division,110.02,7,2020,399.l.643103.t.8,Sharknadoes,No Division,112.46
399.l.643103.t.8,Sharknadoes,No Division,112.46,7,2020,399.l.643103.t.2,Mixon It Up,No Division,110.02
399.l.643103.t.3,Champ's Chosen Ones,No Division,65.12,7,2020,399.l.643103.t.7,Herndiggler,No Division,132.7
399.l.643103.t.7,Herndiggler,No Division,132.7,7,2020,399.l.643103.t.3,Champ's Chosen Ones,No Division,65.12
399.l.643103.t.4,Doc Y,No Division,83.82,7,2020,399.l.643103.t.5,BROTHER SHAMUS,No Division,109.5
399.l.643103.t.5,BROTHER SHAMUS,No Division,109.5,7,2020,399.l.643103.t.4,Doc Y,No Division,83.82
399.l.643103.t.1,daniel,No Division,108.44,8,2020,399.l.643103.t.2,Mixon It Up,No Division,106.54
399.l.643103.t.2,Mixon It Up,No Division,106.54,8,2020,399.l.643103.t.1,daniel,No Division,108.44
399.l.643103.t.3,Champ's Chosen Ones,No Division,84.62,8,2020,399.l.643103.t.8,Sharknadoes,No Division,121.42
399.l.643103.t.8,Sharknadoes,No Division,121.42,8,2020,399.l.643103.t.3,Champ's Chosen Ones,No Division,84.62
399.l.643103.t.4,Doc Y,No Division,90.12,8,2020,399.l.643103.t.7,Herndiggler,No Division,127.44
399.l.643103.t.7,Herndiggler,No Division,127.44,8,2020,399.l.643103.t.4,Doc Y,No Division,90.12
399.l.643103.t.5,BROTHER SHAMUS,No Division,127.52,8,2020,399.l.643103.t.10,SBTFers,No Division,75.56
399.l.643103.t.10,SBTFers,No Division,75.56,8,2020,399.l.643103.t.5,BROTHER SHAMUS,No Division,127.52
399.l.643103.t.1,daniel,No Division,102.5,9,2020,399.l.643103.t.3,Champ's Chosen Ones,No Division,97.34
399.l.643103.t.3,Champ's Chosen Ones,No Division,97.34,9,2020,399.l.643103.t.1,daniel,No Division,102.5
399.l.643103.t.2,Mixon It Up,No Division,104.7,9,2020,399.l.643103.t.10,SBTFers,No Division,92.9
399.l.643103.t.10,SBTFers,No Division,92.9,9,2020,399.l.643103.t.2,Mixon It Up,No Division,104.7
399.l.643103.t.4,Doc Y,No Division,89.24,9,2020,399.l.643103.t.8,Sharknadoes,No Division,139.74
399.l.643103.t.8,Sharknadoes,No Division,139.74,9,2020,399.l.643103.t.4,Doc Y,No Division,89.24
399.l.643103.t.5,BROTHER SHAMUS,No Division,128.8,9,2020,399.l.643103.t.7,Herndiggler,No Division,112.58
399.l.643103.t.7,Herndiggler,No Division,112.58,9,2020,399.l.643103.t.5,BROTHER SHAMUS,No Division,128.8
399.l.643103.t.1,daniel,No Division,107.62,10,2020,399.l.643103.t.4,Doc Y,No Division,82.82
399.l.643103.t.4,Doc Y,No Division,82.82,10,2020,399.l.643103.t.1,daniel,No Division,107.62
399.l.643103.t.2,Mixon It Up,No Division,77.8,10,2020,399.l.643103.t.3,Champ's Chosen Ones,No Division,113.48
399.l.643103.t.3,Champ's Chosen Ones,No Division,113.48,10,2020,399.l.643103.t.2,Mixon It Up,No Division,77.8
399.l.643103.t.5,BROTHER SHAMUS,No Division,111.06,10,2020,399.l.643103.t.8,Sharknadoes,No Division,86.52
399.l.643103.t.8,Sharknadoes,No Division,86.52,10,2020,399.l.643103.t.5,BROTHER SHAMUS,No Division,111.06
399.l.643103.t.7,Herndiggler,No Division,63.64,10,2020,399.l.643103.t.10,SBTFers,No Division,113.1
399.l.643103.t.10,SBTFers,No Division,113.1,10,2020,399.l.643103.t.7,Herndiggler,No Division,63.64
399.l.643103.t.1,daniel,No Division,99.28,11,2020,399.l.643103.t.5,BROTHER SHAMUS,No Division,100.84
399.l.643103.t.5,BROTHER SHAMUS,No Division,100.84,11,2020,399.l.643103.t.1,daniel,No Division,99.28
399.l.643103.t.2,Mixon It Up,No Division,122.94,11,2020,399.l.643103.t.4,Doc Y,No Division,107.68
399.l.643103.t.4,Doc Y,No Division,107.68,11,2020,399.l.643103.t.2,Mixon It Up,No Division,122.94
399.l.643103.t.3,Champ's Chosen Ones,No Division,117.44,11,2020,399.l.643103.t.10,SBTFers,No Division,110.46
399.l.643103.t.10,SBTFers,No Division,110.46,11,2020,399.l.643103.t.3,Champ's Chosen Ones,No Division,117.44
399.l.643103.t.7,Herndiggler,No Division,111.42,11,2020,399.l.643103.t.8,Sharknadoes,No Division,136.92
399.l.643103.t.8,Sharknadoes,No Division,136.92,11,2020,399.l.643103.t.7,Herndiggler,No Division,111.42
399.l.643103.t.1,daniel,No Division,113.5,12,2020,399.l.643103.t.7,Herndiggler,No Division,168.68
399.l.643103.t.7,Herndiggler,No Division,168.68,12,2020,399.l.643103.t.1,daniel,No Division,113.5
399.l.643103.t.2,Mixon It Up,No Division,99.14,12,2020,399.l.643103.t.5,BROTHER SHAMUS,No Division,94.3
399.l.643103.t.5,BROTHER SHAMUS,No Division,94.3,12,2020,399.l.643103.t.2,Mixon It Up,No Division,99.14
399.l.643103.t.3,Champ's Chosen Ones,No Division,115.24,12,2020,399.l.643103.t.4,Doc Y,No Division,92.3
399.l.643103.t.4,Doc Y,No Division,92.3,12,2020,399.l.643103.t.3,Champ's Chosen Ones,No Division,115.24
399.l.643103.t.8,Sharknadoes,No Division,152.32,12,2020,399.l.643103.t.10,SBTFers,No Division,107.28
399.l.643103.t.10,SBTFers,No Division,107.28,12,2020,399.l.643103.t.8,Sharknadoes,No Division,152.32
399.l.643103.t.1,daniel,No Division,86.52,13,2020,399.l.643103.t.8,Sharknadoes,No Division,112.84
399.l.643103.t.8,Sharknadoes,No Division,112.84,13,2020,399.l.643103.t.1,daniel,No Division,86.52
399.l.643103.t.2,Mixon It Up,No Division,85.3,13,2020,399.l.643103.t.7,Herndiggler,No Division,135.72
399.l.643103.t.7,Herndiggler,No Division,135.72,13,2020,399.l.643103.t.2,Mixon It Up,No Division,85.3
399.l.643103.t.3,Champ's Chosen Ones,No Division,84.26,13,2020,399.l.643103.t.5,BROTHER SHAMUS,No Division,103.46
399.l.643103.t.5,BROTHER SHAMUS,No Division,103.46,13,2020,399.l.643103.t.3,Champ's Chosen Ones,No Division,84.26
399.l.643103.t.4,Doc Y,No Division,104.48,13,2020,399.l.643103.t.10,SBTFers,No Division,142.0
399.l.643103.t.10,SBTFers,No Division,142.0,13,2020,399.l.643103.t.4,Doc Y,No Division,104.48
399.l.643103.t.1,daniel,No Division,125.94,14,2020,399.l.643103.t.10,SBTFers,No Division,107.16
399.l.643103.t.10,SBTFers,No Division,107.16,14,2020,399.l.643103.t.1,daniel,No Division,125.94
399.l.643103.t.2,Mixon It Up,No Division,97.2,14,2020,399.l.643103.t.8,Sharknadoes,No Division,114.54
399.l.643103.t.8,Sharknadoes,No Division,114.54,14,2020,399.l.643103.t.2,Mixon It Up,No Division,97.2
399.l.643103.t.3,Champ's Chosen Ones,No Division,81.52,14,2020,399.l.643103.t.7,Herndiggler,No Division,185.82
399.l.643103.t.7,Herndiggler,No Division,185.82,14,2020,399.l.643103.t.3,Champ's Chosen Ones,No Division,81.52
399.l.643103.t.4,Doc Y,No Division,103.84,14,2020,399.l.643103.t.5,BROTHER SHAMUS,No Division,144.72
399.l.643103.t.5,BROTHER SHAMUS,No Division,144.72,14,2020,399.l.643103.t.4,Doc Y,No Division,103.84
399.l.643103.t.1,daniel,No Division,100.94,15,2020,399.l.643103.t.8,Sharknadoes,No Division,111.7
399.l.643103.t.8,Sharknadoes,No Division,111.7,15,2020,399.l.643103.t.1,daniel,No Division,100.94
399.l.643103.t.2,Mixon It Up,No Division,70.52,15,2020,399.l.643103.t.10,SBTFers,No Division,103.74
399.l.643103.t.10,SBTFers,No Division,103.74,15,2020,399.l.643103.t.2,Mixon It Up,No Division,70.52
399.l.643103.t.3,Champ's Chosen Ones,No Division,114.06,15,2020,399.l.643103.t.4,Doc Y,No Division,126.32
399.l.643103.t.4,Doc Y,No Division,126.32,15,2020,399.l.643103.t.3,Champ's Chosen Ones,No Division,114.06
399.l.643103.t.5,BROTHER SHAMUS,No Division,145.22,15,2020,399.l.643103.t.7,Herndiggler,No Division,144.46
399.l.643103.t.7,Herndiggler,No Division,144.46,15,2020,399.l.643103.t.5,BROTHER SHAMUS,No Division,145.22
399.l.643103.t.1,daniel,No Division,98.2,16,2020,399.l.643103.t.7,Herndiggler,No Division,139.42
399.l.643103.t.7,Herndiggler,No Division,139.42,16,2020,399.l.643103.t.1,daniel,No Division,98.2
399.l.643103.t.2,Mixon It Up,No Division,113.24,16,2020,399.l.643103.t.3,Champ's Chosen Ones,No Division,68.32
399.l.643103.t.3,Champ's Chosen Ones,No Division,68.32,16,2020,399.l.643103.t.2,Mixon It Up,No Division,113.24
399.l.643103.t.4,Doc Y,No Division,90.68,16,2020,399.l.643103.t.10,SBTFers,No Division,77.68
399.l.643103.t.10,SBTFers,No Division,77.68,16,2020,399.l.643103.t.4,Doc Y,No Division,90.68
399.l.643103.t.5,BROTHER SHAMUS,No Division,141.32,16,2020,399.l.643103.t.8,Sharknadoes,No Division,169.76
399.l.643103.t.8,Sharknadoes,No Division,169.76,16,2020,399.l.643103.t.5,BROTHER SHAMUS,No Division,141.32
406.l.333658.t.1,Barry McCokiner,No Division,139.06,1,2021,406.l.333658.t.8,SBTFers,No Division,105.1
406.l.333658.t.8,SBTFers,No Division,105.1,1,2021,406.l.333658.t.1,Barry McCokiner,No Division,139.06
406.l.333658.t.2,T-REX AllStars,No Division,73.92,1,2021,406.l.333658.t.5,SHIRT COCKING,No Division,105.82
406.l.333658.t.5,SHIRT COCKING,No Division,105.82,1,2021,406.l.333658.t.2,T-REX AllStars,No Division,73.92
406.l.333658.t.3,Champ's Chosen Ones,No Division,128.06,1,2021,406.l.333658.t.7,Sharknadoes,No Division,120.7
406.l.333658.t.7,Sharknadoes,No Division,120.7,1,2021,406.l.333658.t.3,Champ's Chosen Ones,No Division,128.06
406.l.333658.t.4,Juan Afuk zeepincuzin,No Division,134.08,1,2021,406.l.333658.t.6,Mrs Zeepincuzin,No Division,99.7
406.l.333658.t.6,Mrs Zeepincuzin,No Division,99.7,1,2021,406.l.333658.t.4,Juan Afuk zeepincuzin,No Division,134.08
406.l.333658.t.1,Barry McCokiner,No Division,137.04,2,2021,406.l.333658.t.5,SHIRT COCKING,No Division,73.78
406.l.333658.t.5,SHIRT COCKING,No Division,73.78,2,2021,406.l.333658.t.1,Barry McCokiner,No Division,137.04
406.l.333658.t.2,T-REX AllStars,No Division,94.9,2,2021,406.l.333658.t.8,SBTFers,No Division,115.06
406.l.333658.t.8,SBTFers,No Division,115.06,2,2021,406.l.333658.t.2,T-REX AllStars,No Division,94.9
406.l.333658.t.3,Champ's Chosen Ones,No Division,153.3,2,2021,406.l.333658.t.6,Mrs Zeepincuzin,No Division,135.36
406.l.333658.t.6,Mrs Zeepincuzin,No Division,135.36,2,2021,406.l.333658.t.3,Champ's Chosen Ones,No Division,153.3
406.l.333658.t.4,Juan Afuk zeepincuzin,No Division,123.42,2,2021,406.l.333658.t.7,Sharknadoes,No Division,129.52
406.l.333658.t.7,Sharknadoes,No Division,129.52,2,2021,406.l.333658.t.4,Juan Afuk zeepincuzin,No Division,123.42
406.l.333658.t.1,Barry McCokiner,No Division,103.98,3,2021,406.l.333658.t.2,T-REX AllStars,No Division,116.24
406.l.333658.t.2,T-REX AllStars,No Division,116.24,3,2021,406.l.333658.t.1,Barry McCokiner,No Division,103.98
406.l.333658.t.3,Champ's Chosen Ones,No Division,73.14,3,2021,406.l.333658.t.4,Juan Afuk zeepincuzin,No Division,88.1
406.l.333658.t.4,Juan Afuk zeepincuzin,No Division,88.1,3,2021,406.l.333658.t.3,Champ's Chosen Ones,No Division,73.14
406.l.333658.t.5,SHIRT COCKING,No Division,98.92,3,2021,406.l.333658.t.8,SBTFers,No Division,108.02
406.l.333658.t.8,SBTFers,No Division,108.02,3,2021,406.l.333658.t.5,SHIRT COCKING,No Division,98.92
406.l.333658.t.6,Mrs Zeepincuzin,No Division,117.78,3,2021,406.l.333658.t.7,Sharknadoes,No Division,131.92
406.l.333658.t.7,Sharknadoes,No Division,131.92,3,2021,406.l.333658.t.6,Mrs Zeepincuzin,No Division,117.78
406.l.333658.t.1,Barry McCokiner,No Division,100.96,4,2021,406.l.333658.t.7,Sharknadoes,No Division,79.96
406.l.333658.t.7,Sharknadoes,No Division,79.96,4,2021,406.l.333658.t.1,Barry McCokiner,No Division,100.96
406.l.333658.t.2,T-REX AllStars,No Division,120.12,4,2021,406.l.333658.t.6,Mrs Zeepincuzin,No Division,151.84
406.l.333658.t.6,Mrs Zeepincuzin,No Division,151.84,4,2021,406.l.333658.t.2,T-REX AllStars,No Division,120.12
406.l.333658.t.3,Champ's Chosen Ones,No Division,79.72,4,2021,406.l.333658.t.8,SBTFers,No Division,106.92
406.l.333658.t.8,SBTFers,No Division,106.92,4,2021,406.l.333658.t.3,Champ's Chosen Ones,No Division,79.72
406.l.333658.t.4,Juan Afuk zeepincuzin,No Division,135.32,4,2021,406.l.333658.t.5,SHIRT COCKING,No Division,87.9
406.l.333658.t.5,SHIRT COCKING,No Division,87.9,4,2021,406.l.333658.t.4,Juan Afuk zeepincuzin,No Division,135.32
406.l.333658.t.1,Barry McCokiner,No Division,132.44,5,2021,406.l.333658.t.6,Mrs Zeepincuzin,No Division,133.78
406.l.333658.t.6,Mrs Zeepincuzin,No Division,133.78,5,2021,406.l.333658.t.1,Barry McCokiner,No Division,132.44
406.l.333658.t.2,T-REX AllStars,No Division,141.06,5,2021,406.l.333658.t.4,Juan Afuk zeepincuzin,No Division,132.68
406.l.333658.t.4,Juan Afuk zeepincuzin,No Division,132.68,5,2021,406.l.333658.t.2,T-REX AllStars,No Division,141.06
406.l.333658.t.3,Champ's Chosen Ones,No Division,116.76,5,2021,406.l.333658.t.5,SHIRT COCKING,No Division,131.88
406.l.333658.t.5,SHIRT COCKING,No Division,131.88,5,2021,406.l.333658.t.3,Champ's Chosen Ones,No Division,116.76
406.l.333658.t.7,Sharknadoes,No Division,106.98,5,2021,406.l.333658.t.8,SBTFers,No Division,171.6
406.l.333658.t.8,SBTFers,No Division,171.6,5,2021,406.l.333658.t.7,Sharknadoes,No Division,106.98
406.l.333658.t.1,Barry McCokiner,No Division,115.98,6,2021,406.l.333658.t.8,SBTFers,No Division,114.22
406.l.333658.t.8,SBTFers,No Division,114.22,6,2021,406.l.333658.t.1,Barry McCokiner,No Division,115.98
406.l.333658.t.2,T-REX AllStars,No Division,120.2,6,2021,406.l.333658.t.5,SHIRT COCKING,No Division,135.8
406.l.333658.t.5,SHIRT COCKING,No Division,135.8,6,2021,406.l.333658.t.2,T-REX AllStars,No Division,120.2
406.l.333658.t.3,Champ's Chosen Ones,No Division,126.96,6,2021,406.l.333658.t.7,Sharknadoes,No Division,124.3
406.l.333658.t.7,Sharknadoes,No Division,124.3,6,2021,406.l.333658.t.3,Champ's Chosen Ones,No Division,126.96
406.l.333658.t.4,Juan Afuk zeepincuzin,No Division,116.28,6,2021,406.l.333658.t.6,Mrs Zeepincuzin,No Division,103.18
406.l.333658.t.6,Mrs Zeepincuzin,No Division,103.18,6,2021,406.l.333658.t.4,Juan Afuk zeepincuzin,No Division,116.28
406.l.333658.t.1,Barry McCokiner,No Division,128.54,7,2021,406.l.333658.t.5,SHIRT COCKING,No Division,80.16
406.l.333658.t.5,SHIRT COCKING,No Division,80.16,7,2021,406.l.333658.t.1,Barry McCokiner,No Division,128.54
406.l.333658.t.2,T-REX AllStars,No Division,124.96,7,2021,406.l.333658.t.8,SBTFers,No Division,145.54
406.l.333658.t.8,SBTFers,No Division,145.54,7,2021,406.l.333658.t.2,T-REX AllStars,No Division,124.96
406.l.333658.t.3,Champ's Chosen Ones,No Division,110.04,7,2021,406.l.333658.t.6,Mrs Zeepincuzin,No Division,105.28
406.l.333658.t.6,Mrs Zeepincuzin,No Division,105.28,7,2021,406.l.333658.t.3,Champ's Chosen Ones,No Division,110.04
406.l.333658.t.4,Juan Afuk zeepincuzin,No Division,109.64,7,2021,406.l.333658.t.7,Sharknadoes,No Division,135.74
406.l.333658.t.7,Sharknadoes,No Division,135.74,7,2021,406.l.333658.t.4,Juan Afuk zeepincuzin,No Division,109.64
406.l.333658.t.1,Barry McCokiner,No Division,135.5,8,2021,406.l.333658.t.2,T-REX AllStars,No Division,114.06
406.l.333658.t.2,T-REX AllStars,No Division,114.06,8,2021,406.l.333658.t.1,Barry McCokiner,No Division,135.5
406.l.333658.t.3,Champ's Chosen Ones,No Division,81.16,8,2021,406.l.333658.t.4,Juan Afuk zeepincuzin,No Division,71.2
406.l.333658.t.4,Juan Afuk zeepincuzin,No Division,71.2,8,2021,406.l.333658.t.3,Champ's Chosen Ones,No Division,81.16
406.l.333658.t.5,SHIRT COCKING,No Division,106.8,8,2021,406.l.333658.t.8,SBTFers,No Division,123.26
406.l.333658.t.8,SBTFers,No Division,123.26,8,2021,406.l.333658.t.5,SHIRT COCKING,No Division,106.8
406.l.333658.t.6,Mrs Zeepincuzin,No Division,120.6,8,2021,406.l.333658.t.7,Sharknadoes,No Division,81.56
406.l.333658.t.7,Sharknadoes,No Division,81.56,8,2021,406.l.333658.t.6,Mrs Zeepincuzin,No Division,120.6
406.l.333658.t.1,Barry McCokiner,No Division,100.18,9,2021,406.l.333658.t.4,Juan Afuk zeepincuzin,No Division,62.94
406.l.333658.t.4,Juan Afuk zeepincuzin,No Division,62.94,9,2021,406.l.333658.t.1,Barry McCokiner,No Division,100.18
406.l.333658.t.2,T-REX AllStars,No Division,91.44,9,2021,406.l.333658.t.3,Champ's Chosen Ones,No Division,98.98
406.l.333658.t.3,Champ's Chosen Ones,No Division,98.98,9,2021,406.l.333658.t.2,T-REX AllStars,No Division,91.44
406.l.333658.t.5,SHIRT COCKING,No Division,80.16,9,2021,406.l.333658.t.7,Sharknadoes,No Division,96.08
406.l.333658.t.7,Sharknadoes,No Division,96.08,9,2021,406.l.333658.t.5,SHIRT COCKING,No Division,80.16
406.l.333658.t.6,Mrs Zeepincuzin,No Division,99.74,9,2021,406.l.333658.t.8,SBTFers,No Division,110.56
406.l.333658.t.8,SBTFers,No Division,110.56,9,2021,406.l.333658.t.6,Mrs Zeepincuzin,No Division,99.74
406.l.333658.t.1,Barry McCokiner,No Division,90.9,10,2021,406.l.333658.t.3,Champ's Chosen Ones,No Division,100.04
406.l.333658.t.3,Champ's Chosen Ones,No Division,100.04,10,2021,406.l.333658.t.1,Barry McCokiner,No Division,90.9
406.l.333658.t.2,T-REX AllStars,No Division,88.98,10,2021,406.l.333658.t.7,Sharknadoes,No Division,100.2
406.l.333658.t.7,Sharknadoes,No Division,100.2,10,2021,406.l.333658.t.2,T-REX AllStars,No Division,88.98
406.l.333658.t.4,Juan Afuk zeepincuzin,No Division,115.04,10,2021,406.l.333658.t.8,SBTFers,No Division,80.14
406.l.333658.t.8,SBTFers,No Division,80.14,10,2021,406.l.333658.t.4,Juan Afuk zeepincuzin,No Division,115.04
406.l.333658.t.5,SHIRT COCKING,No Division,132.04,10,2021,406.l.333658.t.6,Mrs Zeepincuzin,No Division,104.18
406.l.333658.t.6,Mrs Zeepincuzin,No Division,104.18,10,2021,406.l.333658.t.5,SHIRT COCKING,No Division,132.04
406.l.333658.t.1,Barry McCokiner,No Division,151.48,11,2021,406.l.333658.t.8,SBTFers,No Division,126.76
406.l.333658.t.8,SBTFers,No Division,126.76,11,2021,406.l.333658.t.1,Barry McCokiner,No Division,151.48
406.l.333658.t.2,T-REX AllStars,No Division,154.9,11,2021,406.l.333658.t.5,SHIRT COCKING,No Division,89.64
406.l.333658.t.5,SHIRT COCKING,No Division,89.64,11,2021,406.l.333658.t.2,T-REX AllStars,No Division,154.9
406.l.333658.t.3,Champ's Chosen Ones,No Division,81.58,11,2021,406.l.333658.t.7,Sharknadoes,No Division,132.38
406.l.333658.t.7,Sharknadoes,No Division,132.38,11,2021,406.l.333658.t.3,Champ's Chosen Ones,No Division,81.58
406.l.333658.t.4,Juan Afuk zeepincuzin,No Division,102.1,11,2021,406.l.333658.t.6,Mrs Zeepincuzin,No Division,71.02
406.l.333658.t.6,Mrs Zeepincuzin,No Division,71.02,11,2021,406.l.333658.t.4,Juan Afuk zeepincuzin,No Division,102.1
406.l.333658.t.1,Barry McCokiner,No Division,89.84,12,2021,406.l.333658.t.5,SHIRT COCKING,No Division,114.6
406.l.333658.t.5,SHIRT COCKING,No Division,114.6,12,2021,406.l.333658.t.1,Barry McCokiner,No Division,89.84
406.l.333658.t.2,T-REX AllStars,No Division,134.28,12,2021,406.l.333658.t.8,SBTFers,No Division,130.7
406.l.333658.t.8,SBTFers,No Division,130.7,12,2021,406.l.333658.t.2,T-REX AllStars,No Division,134.28
406.l.333658.t.3,Champ's Chosen Ones,No Division,84.78,12,2021,406.l.333658.t.6,Mrs Zeepincuzin,No Division,76.3
406.l.333658.t.6,Mrs Zeepincuzin,No Division,76.3,12,2021,406.l.333658.t.3,Champ's Chosen Ones,No Division,84.78
406.l.333658.t.4,Juan Afuk zeepincuzin,No Division,86.98,12,2021,406.l.333658.t.7,Sharknadoes,No Division,90.58
406.l.333658.t.7,Sharknadoes,No Division,90.58,12,2021,406.l.333658.t.4,Juan Afuk zeepincuzin,No Division,86.98
406.l.333658.t.1,Barry McCokiner,No Division,119.02,13,2021,406.l.333658.t.2,T-REX AllStars,No Division,118.2
406.l.333658.t.2,T-REX AllStars,No Division,118.2,13,2021,406.l.333658.t.1,Barry McCokiner,No Division,119.02
406.l.333658.t.3,Champ's Chosen Ones,No Division,124.82,13,2021,406.l.333658.t.4,Juan Afuk zeepincuzin,No Division,101.46
406.l.333658.t.4,Juan Afuk zeepincuzin,No Division,101.46,13,2021,406.l.333658.t.3,Champ's Chosen Ones,No Division,124.82
406.l.333658.t.5,SHIRT COCKING,No Division,92.92,13,2021,406.l.333658.t.8,SBTFers,No Division,103.4
406.l.333658.t.8,SBTFers,No Division,103.4,13,2021,406.l.333658.t.5,SHIRT COCKING,No Division,92.92
406.l.333658.t.6,Mrs Zeepincuzin,No Division,100.22,13,2021,406.l.333658.t.7,Sharknadoes,No Division,136.18
406.l.333658.t.7,Sharknadoes,No Division,136.18,13,2021,406.l.333658.t.6,Mrs Zeepincuzin,No Division,100.22
406.l.333658.t.1,Barry McCokiner,No Division,113.02,14,2021,406.l.333658.t.7,Sharknadoes,No Division,138.2
406.l.333658.t.7,Sharknadoes,No Division,138.2,14,2021,406.l.333658.t.1,Barry McCokiner,No Division,113.02
406.l.333658.t.2,T-REX AllStars,No Division,118.74,14,2021,406.l.333658.t.6,Mrs Zeepincuzin,No Division,76.78
406.l.333658.t.6,Mrs Zeepincuzin,No Division,76.78,14,2021,406.l.333658.t.2,T-REX AllStars,No Division,118.74
406.l.333658.t.3,Champ's Chosen Ones,No Division,116.82,14,2021,406.l.333658.t.8,SBTFers,No Division,120.12
406.l.333658.t.8,SBTFers,No Division,120.12,14,2021,406.l.333658.t.3,Champ's Chosen Ones,No Division,116.82
406.l.333658.t.4,Juan Afuk zeepincuzin,No Division,96.7,14,2021,406.l.333658.t.5,SHIRT COCKING,No Division,131.74
406.l.333658.t.5,SHIRT COCKING,No Division,131.74,14,2021,406.l.333658.t.4,Juan Afuk zeepincuzin,No Division,96.7
406.l.333658.t.1,Barry McCokiner,No Division,85.16,15,2021,406.l.333658.t.4,Juan Afuk zeepincuzin,No Division,83.5
406.l.333658.t.4,Juan Afuk zeepincuzin,No Division,83.5,15,2021,406.l.333658.t.1,Barry McCokiner,No Division,85.16
406.l.333658.t.2,T-REX AllStars,No Division,101.92,15,2021,406.l.333658.t.3,Champ's Chosen Ones,No Division,58.68
406.l.333658.t.3,Champ's Chosen Ones,No Division,58.68,15,2021,406.l.333658.t.2,T-REX AllStars,No Division,101.92
406.l.333658.t.5,SHIRT COCKING,No Division,113.86,15,2021,406.l.333658.t.7,Sharknadoes,No Division,140.34
406.l.333658.t.7,Sharknadoes,No Division,140.34,15,2021,406.l.333658.t.5,SHIRT COCKING,No Division,113.86
406.l.333658.t.6,Mrs Zeepincuzin,No Division,83.28,15,2021,406.l.333658.t.8,SBTFers,No Division,107.1
406.l.333658.t.8,SBTFers,No Division,107.1,15,2021,406.l.333658.t.6,Mrs Zeepincuzin,No Division,83.28
406.l.333658.t.1,Barry McCokiner,No Division,84.38,16,2021,406.l.333658.t.7,Sharknadoes,No Division,111.14
406.l.333658.t.7,Sharknadoes,No Division,111.14,16,2021,406.l.333658.t.1,Barry McCokiner,No Division,84.38
406.l.333658.t.2,T-REX AllStars,No Division,118.98,16,2021,406.l.333658.t.6,Mrs Zeepincuzin,No Division,111.24
406.l.333658.t.6,Mrs Zeepincuzin,No Division,111.24,16,2021,406.l.333658.t.2,T-REX AllStars,No Division,118.98
406.l.333658.t.3,Champ's Chosen Ones,No Division,106.9,16,2021,406.l.333658.t.8,SBTFers,No Division,135.26
406.l.333658.t.8,SBTFers,No Division,135.26,16,2021,406.l.333658.t.3,Champ's Chosen Ones,No Division,106.9
406.l.333658.t.4,Juan Afuk zeepincuzin,No Division,126.62,16,2021,406.l.333658.t.5,SHIRT COCKING,No Division,67.88
406.l.333658.t.5,SHIRT COCKING,No Division,67.88,16,2021,406.l.333658.t.4,Juan Afuk zeepincuzin,No Division,126.62
406.l.333658.t.1,Barry McCokiner,No Division,90.1,17,2021,406.l.333658.t.3,Champ's Chosen Ones,No Division,98.92
406.l.333658.t.3,Champ's Chosen Ones,No Division,98.92,17,2021,406.l.333658.t.1,Barry McCokiner,No Division,90.1
406.l.333658.t.2,T-REX AllStars,No Division,186.02,17,2021,406.l.333658.t.4,Juan Afuk zeepincuzin,No Division,102.96
406.l.333658.t.4,Juan Afuk zeepincuzin,No Division,102.96,17,2021,406.l.333658.t.2,T-REX AllStars,No Division,186.02
406.l.333658.t.5,SHIRT COCKING,No Division,73.16,17,2021,406.l.333658.t.6,Mrs Zeepincuzin,No Division,118.34
406.l.333658.t.6,Mrs Zeepincuzin,No Division,118.34,17,2021,406.l.333658.t.5,SHIRT COCKING,No Division,73.16
406.l.333658.t.7,Sharknadoes,No Division,130.68,17,2021,406.l.333658.t.8,SBTFers,No Division,101.8
406.l.333658.t.8,SBTFers,No Division,101.8,17,2021,406.l.333658.t.7,Sharknadoes,No Division,130.68
414.l.74941.t.1,Barry McCokiner,No Division,95.42,1,2022,414.l.74941.t.5,SHIT CUNT BULLSHIT,No Division,88.04
414.l.74941.t.5,SHIT CUNT BULLSHIT,No Division,88.04,1,2022,414.l.74941.t.1,Barry McCokiner,No Division,95.42
414.l.74941.t.2,Champ's Chosen Ones,No Division,90.68,1,2022,414.l.74941.t.9,Bone Zone,No Division,98.76
414.l.74941.t.9,Bone Zone,No Division,98.76,1,2022,414.l.74941.t.2,Champ's Chosen Ones,No Division,90.68
414.l.74941.t.3,When In Doubt Pull Out,No Division,148.92,1,2022,414.l.74941.t.7,Red Rocket,No Division,112.62
414.l.74941.t.7,Red Rocket,No Division,112.62,1,2022,414.l.74941.t.3,When In Doubt Pull Out,No Division,148.92
414.l.74941.t.4,Sports Gloss,No Division,101.78,1,2022,414.l.74941.t.12,Luke Menoots,No Division,132.16
414.l.74941.t.12,Luke Menoots,No Division,132.16,1,2022,414.l.74941.t.4,Sports Gloss,No Division,101.78
414.l.74941.t.6,Sharknadoes,No Division,108.44,1,2022,414.l.74941.t.8,Diggs in a Blanket,No Division,90.32
414.l.74941.t.8,Diggs in a Blanket,No Division,90.32,1,2022,414.l.74941.t.6,Sharknadoes,No Division,108.44
414.l.74941.t.1,Barry McCokiner,No Division,101.1,2,2022,414.l.74941.t.2,Champ's Chosen Ones,No Division,94.4
414.l.74941.t.2,Champ's Chosen Ones,No Division,94.4,2,2022,414.l.74941.t.1,Barry McCokiner,No Division,101.1
414.l.74941.t.3,When In Doubt Pull Out,No Division,129.28,2,2022,414.l.74941.t.8,Diggs in a Blanket,No Division,137.42
414.l.74941.t.8,Diggs in a Blanket,No Division,137.42,2,2022,414.l.74941.t.3,When In Doubt Pull Out,No Division,129.28
414.l.74941.t.4,Sports Gloss,No Division,89.54,2,2022,414.l.74941.t.9,Bone Zone,No Division,98.96
414.l.74941.t.9,Bone Zone,No Division,98.96,2,2022,414.l.74941.t.4,Sports Gloss,No Division,89.54
414.l.74941.t.5,SHIT CUNT BULLSHIT,No Division,105.66,2,2022,414.l.74941.t.7,Red Rocket,No Division,124.78
414.l.74941.t.7,Red Rocket,No Division,124.78,2,2022,414.l.74941.t.5,SHIT CUNT BULLSHIT,No Division,105.66
414.l.74941.t.6,Sharknadoes,No Division,103.48,2,2022,414.l.74941.t.12,Luke Menoots,No Division,121.18
414.l.74941.t.12,Luke Menoots,No Division,121.18,2,2022,414.l.74941.t.6,Sharknadoes,No Division,103.48
414.l.74941.t.1,Barry McCokiner,No Division,80.96,3,2022,414.l.74941.t.3,When In Doubt Pull Out,No Division,87.6
414.l.74941.t.3,When In Doubt Pull Out,No Division,87.6,3,2022,414.l.74941.t.1,Barry McCokiner,No Division,80.96
414.l.74941.t.2,Champ's Chosen Ones,No Division,97.6,3,2022,414.l.74941.t.7,Red Rocket,No Division,96.96
414.l.74941.t.7,Red Rocket,No Division,96.96,3,2022,414.l.74941.t.2,Champ's Chosen Ones,No Division,97.6
414.l.74941.t.4,Sports Gloss,No Division,60.6,3,2022,414.l.74941.t.6,Sharknadoes,No Division,104.54
414.l.74941.t.6,Sharknadoes,No Division,104.54,3,2022,414.l.74941.t.4,Sports Gloss,No Division,60.6
414.l.74941.t.5,SHIT CUNT BULLSHIT,No Division,73.68,3,2022,414.l.74941.t.8,Diggs in a Blanket,No Division,121.52
414.l.74941.t.8,Diggs in a Blanket,No Division,121.52,3,2022,414.l.74941.t.5,SHIT CUNT BULLSHIT,No Division,73.68
414.l.74941.t.9,Bone Zone,No Division,96.72,3,2022,414.l.74941.t.12,Luke Menoots,No Division,88.78
414.l.74941.t.12,Luke Menoots,No Division,88.78,3,2022,414.l.74941.t.9,Bone Zone,No Division,96.72
414.l.74941.t.1,Barry McCokiner,No Division,97.02,4,2022,414.l.74941.t.5,SHIT CUNT BULLSHIT,No Division,123.08
414.l.74941.t.5,SHIT CUNT BULLSHIT,No Division,123.08,4,2022,414.l.74941.t.1,Barry McCokiner,No Division,97.02
414.l.74941.t.2,Champ's Chosen Ones,No Division,131.4,4,2022,414.l.74941.t.9,Bone Zone,No Division,91.68
414.l.74941.t.9,Bone Zone,No Division,91.68,4,2022,414.l.74941.t.2,Champ's Chosen Ones,No Division,131.4
414.l.74941.t.3,When In Doubt Pull Out,No Division,123.1,4,2022,414.l.74941.t.6,Sharknadoes,No Division,127.64
414.l.74941.t.6,Sharknadoes,No Division,127.64,4,2022,414.l.74941.t.3,When In Doubt Pull Out,No Division,123.1
414.l.74941.t.4,Sports Gloss,No Division,87.06,4,2022,414.l.74941.t.12,Luke Menoots,No Division,70.78
414.l.74941.t.12,Luke Menoots,No Division,70.78,4,2022,414.l.74941.t.4,Sports Gloss,No Division,87.06
414.l.74941.t.7,Red Rocket,No Division,112.28,4,2022,414.l.74941.t.8,Diggs in a Blanket,No Division,63.46
414.l.74941.t.8,Diggs in a Blanket,No Division,63.46,4,2022,414.l.74941.t.7,Red Rocket,No Division,112.28
414.l.74941.t.1,Barry McCokiner,No Division,90.36,5,2022,414.l.74941.t.8,Diggs in a Blanket,No Division,96.68
414.l.74941.t.8,Diggs in a Blanket,No Division,96.68,5,2022,414.l.74941.t.1,Barry McCokiner,No Division,90.36
414.l.74941.t.2,Champ's Chosen Ones,No Division,114.36,5,2022,414.l.74941.t.12,Luke Menoots,No Division,118.92
414.l.74941.t.12,Luke Menoots,No Division,118.92,5,2022,414.l.74941.t.2,Champ's Chosen Ones,No Division,114.36
414.l.74941.t.3,When In Doubt Pull Out,No Division,118.48,5,2022,414.l.74941.t.4,Sports Gloss,No Division,59.02
414.l.74941.t.4,Sports Gloss,No Division,59.02,5,2022,414.l.74941.t.3,When In Doubt Pull Out,No Division,118.48
414.l.74941.t.5,SHIT CUNT BULLSHIT,No Division,132.46,5,2022,414.l.74941.t.6,Sharknadoes,No Division,120.46
414.l.74941.t.6,Sharknadoes,No Division,120.46,5,2022,414.l.74941.t.5,SHIT CUNT BULLSHIT,No Division,132.46
414.l.74941.t.7,Red Rocket,No Division,106.6,5,2022,414.l.74941.t.9,Bone Zone,No Division,91.56
414.l.74941.t.9,Bone Zone,No Division,91.56,5,2022,414.l.74941.t.7,Red Rocket,No Division,106.6
414.l.74941.t.1,Barry McCokiner,No Division,117.54,6,2022,414.l.74941.t.12,Luke Menoots,No Division,77.3
414.l.74941.t.12,Luke Menoots,No Division,77.3,6,2022,414.l.74941.t.1,Barry McCokiner,No Division,117.54
414.l.74941.t.2,Champ's Chosen Ones,No Division,108.24,6,2022,414.l.74941.t.6,Sharknadoes,No Division,91.3
414.l.74941.t.6,Sharknadoes,No Division,91.3,6,2022,414.l.74941.t.2,Champ's Chosen Ones,No Division,108.24
414.l.74941.t.3,When In Doubt Pull Out,No Division,65.98,6,2022,414.l.74941.t.8,Diggs in a Blanket,No Division,100.88
414.l.74941.t.8,Diggs in a Blanket,No Division,100.88,6,2022,414.l.74941.t.3,When In Doubt Pull Out,No Division,65.98
414.l.74941.t.4,Sports Gloss,No Division,93.0,6,2022,414.l.74941.t.9,Bone Zone,No Division,99.66
414.l.74941.t.9,Bone Zone,No Division,99.66,6,2022,414.l.74941.t.4,Sports Gloss,No Division,93.0
414.l.74941.t.5,SHIT CUNT BULLSHIT,No Division,100.46,6,2022,414.l.74941.t.7,Red Rocket,No Division,101.98
414.l.74941.t.7,Red Rocket,No Division,101.98,6,2022,414.l.74941.t.5,SHIT CUNT BULLSHIT,No Division,100.46
414.l.74941.t.1,Barry McCokiner,No Division,120.92,7,2022,414.l.74941.t.4,Sports Gloss,No Division,74.12
414.l.74941.t.4,Sports Gloss,No Division,74.12,7,2022,414.l.74941.t.1,Barry McCokiner,No Division,120.92
414.l.74941.t.2,Champ's Chosen Ones,No Division,164.74,7,2022,414.l.74941.t.8,Diggs in a Blanket,No Division,92.1
414.l.74941.t.8,Diggs in a Blanket,No Division,92.1,7,2022,414.l.74941.t.2,Champ's Chosen Ones,No Division,164.74
414.l.74941.t.3,When In Doubt Pull Out,No Division,88.46,7,2022,414.l.74941.t.9,Bone Zone,No Division,101.1
414.l.74941.t.9,Bone Zone,No Division,101.1,7,2022,414.l.74941.t.3,When In Doubt Pull Out,No Division,88.46
414.l.74941.t.5,SHIT CUNT BULLSHIT,No Division,102.08,7,2022,414.l.74941.t.12,Luke Menoots,No Division,82.98
414.l.74941.t.12,Luke Menoots,No Division,82.98,7,2022,414.l.74941.t.5,SHIT CUNT BULLSHIT,No Division,102.08
414.l.74941.t.6,Sharknadoes,No Division,120.94,7,2022,414.l.74941.t.7,Red Rocket,No Division,87.24
414.l.74941.t.7,Red Rocket,No Division,87.24,7,2022,414.l.74941.t.6,Sharknadoes,No Division,120.94
414.l.74941.t.1,Barry McCokiner,No Division,113.78,8,2022,414.l.74941.t.7,Red Rocket,No Division,134.58
414.l.74941.t.7,Red Rocket,No Division,134.58,8,2022,414.l.74941.t.1,Barry McCokiner,No Division,113.78
414.l.74941.t.2,Champ's Chosen Ones,No Division,158.18,8,2022,414.l.74941.t.6,Sharknadoes,No Division,116.66
414.l.74941.t.6,Sharknadoes,No Division,116.66,8,2022,414.l.74941.t.2,Champ's Chosen Ones,No Division,158.18
414.l.74941.t.3,When In Doubt Pull Out,No Division,119.4,8,2022,414.l.74941.t.12,Luke Menoots,No Division,68.12
414.l.74941.t.12,Luke Menoots,No Division,68.12,8,2022,414.l.74941.t.3,When In Doubt Pull Out,No Division,119.4
414.l.74941.t.4,Sports Gloss,No Division,56.02,8,2022,414.l.74941.t.5,SHIT CUNT BULLSHIT,No Division,110.62
414.l.74941.t.5,SHIT CUNT BULLSHIT,No Division,110.62,8,2022,414.l.74941.t.4,Sports Gloss,No Division,56.02
414.l.74941.t.8,Diggs in a Blanket,No Division,147.58,8,2022,414.l.74941.t.9,Bone Zone,No Division,104.26
414.l.74941.t.9,Bone Zone,No Division,104.26,8,2022,414.l.74941.t.8,Diggs in a Blanket,No Division,147.58
414.l.74941.t.1,Barry McCokiner,No Division,132.18,9,2022,414.l.74941.t.12,Luke Menoots,No Division,81.74
414.l.74941.t.12,Luke Menoots,No Division,81.74,9,2022,414.l.74941.t.1,Barry McCokiner,No Division,132.18
414.l.74941.t.2,Champ's Chosen Ones,No Division,94.7,9,2022,414.l.74941.t.5,SHIT CUNT BULLSHIT,No Division,125.34
414.l.74941.t.5,SHIT CUNT BULLSHIT,No Division,125.34,9,2022,414.l.74941.t.2,Champ's Chosen Ones,No Division,94.7
414.l.74941.t.3,When In Doubt Pull Out,No Division,86.82,9,2022,414.l.74941.t.7,Red Rocket,No Division,68.74
414.l.74941.t.7,Red Rocket,No Division,68.74,9,2022,414.l.74941.t.3,When In Doubt Pull Out,No Division,86.82
414.l.74941.t.4,Sports Gloss,No Division,75.44,9,2022,414.l.74941.t.8,Diggs in a Blanket,No Division,105.04
414.l.74941.t.8,Diggs in a Blanket,No Division,105.04,9,2022,414.l.74941.t.4,Sports Gloss,No Division,75.44
414.l.74941.t.6,Sharknadoes,No Division,118.22,9,2022,414.l.74941.t.9,Bone Zone,No Division,131.46
414.l.74941.t.9,Bone Zone,No Division,131.46,9,2022,414.l.74941.t.6,Sharknadoes,No Division,118.22
414.l.74941.t.1,Barry McCokiner,No Division,111.1,10,2022,414.l.74941.t.9,Bone Zone,No Division,130.58
414.l.74941.t.9,Bone Zone,No Division,130.58,10,2022,414.l.74941.t.1,Barry McCokiner,No Division,111.1
414.l.74941.t.2,Champ's Chosen Ones,No Division,87.02,10,2022,414.l.74941.t.3,When In Doubt Pull Out,No Division,128.9
414.l.74941.t.3,When In Doubt Pull Out,No Division,128.9,10,2022,414.l.74941.t.2,Champ's Chosen Ones,No Division,87.02
414.l.74941.t.4,Sports Gloss,No Division,52.04,10,2022,414.l.74941.t.5,SHIT CUNT BULLSHIT,No Division,79.3
414.l.74941.t.5,SHIT CUNT BULLSHIT,No Division,79.3,10,2022,414.l.74941.t.4,Sports Gloss,No Division,52.04
414.l.74941.t.6,Sharknadoes,No Division,107.28,10,2022,414.l.74941.t.8,Diggs in a Blanket,No Division,113.86
414.l.74941.t.8,Diggs in a Blanket,No Division,113.86,10,2022,414.l.74941.t.6,Sharknadoes,No Division,107.28
414.l.74941.t.7,Red Rocket,No Division,98.34,10,2022,414.l.74941.t.12,Luke Menoots,No Division,113.64
414.l.74941.t.12,Luke Menoots,No Division,113.64,10,2022,414.l.74941.t.7,Red Rocket,No Division,98.34
414.l.74941.t.1,Barry McCokiner,No Division,108.44,11,2022,414.l.74941.t.2,Champ's Chosen Ones,No Division,124.16
414.l.74941.t.2,Champ's Chosen Ones,No Division,124.16,11,2022,414.l.74941.t.1,Barry McCokiner,No Division,108.44
414.l.74941.t.3,When In Doubt Pull Out,No Division,104.96,11,2022,414.l.74941.t.6,Sharknadoes,No Division,129.66
414.l.74941.t.6,Sharknadoes,No Division,129.66,11,2022,414.l.74941.t.3,When In Doubt Pull Out,No Division,104.96
414.l.74941.t.4,Sports Gloss,No Division,80.96,11,2022,414.l.74941.t.7,Red Rocket,No Division,102.0
414.l.74941.t.7,Red Rocket,No Division,102.0,11,2022,414.l.74941.t.4,Sports Gloss,No Division,80.96
414.l.74941.t.5,SHIT CUNT BULLSHIT,No Division,86.4,11,2022,414.l.74941.t.9,Bone Zone,No Division,93.42
414.l.74941.t.9,Bone Zone,No Division,93.42,11,2022,414.l.74941.t.5,SHIT CUNT BULLSHIT,No Division,86.4
414.l.74941.t.8,Diggs in a Blanket,No Division,111.62,11,2022,414.l.74941.t.12,Luke Menoots,No Division,70.82
414.l.74941.t.12,Luke Menoots,No Division,70.82,11,2022,414.l.74941.t.8,Diggs in a Blanket,No Division,111.62
414.l.74941.t.1,Barry McCokiner,No Division,88.48,12,2022,414.l.74941.t.3,When In Doubt Pull Out,No Division,127.6
414.l.74941.t.3,When In Doubt Pull Out,No Division,127.6,12,2022,414.l.74941.t.1,Barry McCokiner,No Division,88.48
414.l.74941.t.2,Champ's Chosen Ones,No Division,89.08,12,2022,414.l.74941.t.7,Red Rocket,No Division,99.46
414.l.74941.t.7,Red Rocket,No Division,99.46,12,2022,414.l.74941.t.2,Champ's Chosen Ones,No Division,89.08
414.l.74941.t.4,Sports Gloss,No Division,71.3,12,2022,414.l.74941.t.6,Sharknadoes,No Division,134.08
414.l.74941.t.6,Sharknadoes,No Division,134.08,12,2022,414.l.74941.t.4,Sports Gloss,No Division,71.3
414.l.74941.t.5,SHIT CUNT BULLSHIT,No Division,97.2,12,2022,414.l.74941.t.8,Diggs in a Blanket,No Division,97.04
414.l.74941.t.8,Diggs in a Blanket,No Division,97.04,12,2022,414.l.74941.t.5,SHIT CUNT BULLSHIT,No Division,97.2
414.l.74941.t.9,Bone Zone,No Division,111.76,12,2022,414.l.74941.t.12,Luke Menoots,No Division,93.7
414.l.74941.t.12,Luke Menoots,No Division,93.7,12,2022,414.l.74941.t.9,Bone Zone,No Division,111.76
414.l.74941.t.1,Barry McCokiner,No Division,127.84,13,2022,414.l.74941.t.6,Sharknadoes,No Division,91.94
414.l.74941.t.6,Sharknadoes,No Division,91.94,13,2022,414.l.74941.t.1,Barry McCokiner,No Division,127.84
414.l.74941.t.2,Champ's Chosen Ones,No Division,120.66,13,2022,414.l.74941.t.3,When In Doubt Pull Out,No Division,120.66
414.l.74941.t.3,When In Doubt Pull Out,No Division,120.66,13,2022,414.l.74941.t.2,Champ's Chosen Ones,No Division,120.66
414.l.74941.t.4,Sports Gloss,No Division,80.2,13,2022,414.l.74941.t.8,Diggs in a Blanket,No Division,92.46
414.l.74941.t.8,Diggs in a Blanket,No Division,92.46,13,2022,414.l.74941.t.4,Sports Gloss,No Division,80.2
414.l.74941.t.5,SHIT CUNT BULLSHIT,No Division,110.44,13,2022,414.l.74941.t.12,Luke Menoots,No Division,72.32
414.l.74941.t.12,Luke Menoots,No Division,72.32,13,2022,414.l.74941.t.5,SHIT CUNT BULLSHIT,No Division,110.44
414.l.74941.t.7,Red Rocket,No Division,138.86,13,2022,414.l.74941.t.9,Bone Zone,No Division,92.7
414.l.74941.t.9,Bone Zone,No Division,92.7,13,2022,414.l.74941.t.7,Red Rocket,No Division,138.86
414.l.74941.t.1,Barry McCokiner,No Division,91.9,14,2022,414.l.74941.t.8,Diggs in a Blanket,No Division,61.34
414.l.74941.t.8,Diggs in a Blanket,No Division,61.34,14,2022,414.l.74941.t.1,Barry McCokiner,No Division,91.9
414.l.74941.t.2,Champ's Chosen Ones,No Division,101.24,14,2022,414.l.74941.t.4,Sports Gloss,No Division,96.64
414.l.74941.t.4,Sports Gloss,No Division,96.64,14,2022,414.l.74941.t.2,Champ's Chosen Ones,No Division,101.24
414.l.74941.t.3,When In Doubt Pull Out,No Division,122.08,14,2022,414.l.74941.t.5,SHIT CUNT BULLSHIT,No Division,141.38
414.l.74941.t.5,SHIT CUNT BULLSHIT,No Division,141.38,14,2022,414.l.74941.t.3,When In Doubt Pull Out,No Division,122.08
414.l.74941.t.6,Sharknadoes,No Division,88.28,14,2022,414.l.74941.t.9,Bone Zone,No Division,59.12
414.l.74941.t.9,Bone Zone,No Division,59.12,14,2022,414.l.74941.t.6,Sharknadoes,No Division,88.28
414.l.74941.t.7,Red Rocket,No Division,96.62,14,2022,414.l.74941.t.12,Luke Menoots,No Division,129.02
414.l.74941.t.12,Luke Menoots,No Division,129.02,14,2022,414.l.74941.t.7,Red Rocket,No Division,96.62
414.l.74941.t.2,Champ's Chosen Ones,No Division,131.0,15,2022,414.l.74941.t.7,Red Rocket,No Division,104.7
414.l.74941.t.7,Red Rocket,No Division,104.7,15,2022,414.l.74941.t.2,Champ's Chosen Ones,No Division,131.0
414.l.74941.t.3,When In Doubt Pull Out,No Division,108.8,15,2022,414.l.74941.t.9,Bone Zone,No Division,111.58
414.l.74941.t.9,Bone Zone,No Division,111.58,15,2022,414.l.74941.t.3,When In Doubt Pull Out,No Division,108.8
414.l.74941.t.1,Barry McCokiner,No Division,77.88,16,2022,414.l.74941.t.12,Luke Menoots,No Division,126.94
414.l.74941.t.12,Luke Menoots,No Division,126.94,16,2022,414.l.74941.t.1,Barry McCokiner,No Division,77.88
414.l.74941.t.2,Champ's Chosen Ones,No Division,120.7,16,2022,414.l.74941.t.5,SHIT CUNT BULLSHIT,No Division,123.88
414.l.74941.t.5,SHIT CUNT BULLSHIT,No Division,123.88,16,2022,414.l.74941.t.2,Champ's Chosen Ones,No Division,120.7
414.l.74941.t.3,When In Doubt Pull Out,No Division,106.58,16,2022,414.l.74941.t.7,Red Rocket,No Division,106.36
414.l.74941.t.7,Red Rocket,No Division,106.36,16,2022,414.l.74941.t.3,When In Doubt Pull Out,No Division,106.58
414.l.74941.t.4,Sports Gloss,No Division,56.6,16,2022,414.l.74941.t.6,Sharknadoes,No Division,86.32
414.l.74941.t.6,Sharknadoes,No Division,86.32,16,2022,414.l.74941.t.4,Sports Gloss,No Division,56.6
414.l.74941.t.8,Diggs in a Blanket,No Division,66.14,16,2022,414.l.74941.t.9,Bone Zone,No Division,127.1
414.l.74941.t.9,Bone Zone,No Division,127.1,16,2022,414.l.74941.t.8,Diggs in a Blanket,No Division,66.14
414.l.74941.t.1,Barry McCokiner,No Division,118.88,17,2022,414.l.74941.t.4,Sports Gloss,No Division,58.96
414.l.74941.t.4,Sports Gloss,No Division,58.96,17,2022,414.l.74941.t.1,Barry McCokiner,No Division,118.88
414.l.74941.t.2,Champ's Chosen Ones,No Division,64.4,17,2022,414.l.74941.t.8,Diggs in a Blanket,No Division,102.98
414.l.74941.t.8,Diggs in a Blanket,No Division,102.98,17,2022,414.l.74941.t.2,Champ's Chosen Ones,No Division,64.4
414.l.74941.t.5,SHIT CUNT BULLSHIT,No Division,90.36,17,2022,414.l.74941.t.9,Bone Zone,No Division,84.46
414.l.74941.t.9,Bone Zone,No Division,84.46,17,2022,414.l.74941.t.5,SHIT CUNT BULLSHIT,No Division,90.36
414.l.74941.t.6,Sharknadoes,No Division,69.34,17,2022,414.l.74941.t.12,Luke Menoots,No Division,49.04
414.l.74941.t.12,Luke Menoots,No Division,49.04,17,2022,414.l.74941.t.6,Sharknadoes,No Division,69.34
423.l.219013.t.1,P01135809,No Division,107.46,1,2023,423.l.219013.t.5,Champs Chosen Ones,No Division,123.94
423.l.219013.t.5,Champs Chosen Ones,No Division,123.94,1,2023,423.l.219013.t.1,P01135809,No Division,107.46
423.l.219013.t.2,PAC 4 Playboys,No Division,95.9,1,2023,423.l.219013.t.6,Diggs in a Blanket,No Division,90.48
423.l.219013.t.6,Diggs in a Blanket,No Division,90.48,1,2023,423.l.219013.t.2,PAC 4 Playboys,No Division,95.9
423.l.219013.t.3,Rocket Man,No Division,71.16,1,2023,423.l.219013.t.4,SHIT CUNT BULLSHIT,No Division,76.94
423.l.219013.t.4,SHIT CUNT BULLSHIT,No Division,76.94,1,2023,423.l.219013.t.3,Rocket Man,No Division,71.16
423.l.219013.t.7,Sharknadoes,No Division,117.92,1,2023,423.l.219013.t.10,Zynfinity  Beyond,No Division,96.84
423.l.219013.t.10,Zynfinity  Beyond,No Division,96.84,1,2023,423.l.219013.t.7,Sharknadoes,No Division,117.92
423.l.219013.t.8,BoneZone,No Division,67.0,1,2023,423.l.219013.t.9,Luke Menoots,No Division,99.4
423.l.219013.t.9,Luke Menoots,No Division,99.4,1,2023,423.l.219013.t.8,BoneZone,No Division,67.0
423.l.219013.t.1,P01135809,No Division,110.68,2,2023,423.l.219013.t.7,Sharknadoes,No Division,159.0
423.l.219013.t.7,Sharknadoes,No Division,159.0,2,2023,423.l.219013.t.1,P01135809,No Division,110.68
423.l.219013.t.2,PAC 4 Playboys,No Division,86.46,2,2023,423.l.219013.t.8,BoneZone,No Division,116.8
423.l.219013.t.8,BoneZone,No Division,116.8,2,2023,423.l.219013.t.2,PAC 4 Playboys,No Division,86.46
423.l.219013.t.3,Rocket Man,No Division,90.62,2,2023,423.l.219013.t.5,Champs Chosen Ones,No Division,74.44
423.l.219013.t.5,Champs Chosen Ones,No Division,74.44,2,2023,423.l.219013.t.3,Rocket Man,No Division,90.62
423.l.219013.t.4,SHIT CUNT BULLSHIT,No Division,85.12,2,2023,423.l.219013.t.9,Luke Menoots,No Division,120.2
423.l.219013.t.9,Luke Menoots,No Division,120.2,2,2023,423.l.219013.t.4,SHIT CUNT BULLSHIT,No Division,85.12
423.l.219013.t.6,Diggs in a Blanket,No Division,112.1,2,2023,423.l.219013.t.10,Zynfinity  Beyond,No Division,110.36
423.l.219013.t.10,Zynfinity  Beyond,No Division,110.36,2,2023,423.l.219013.t.6,Diggs in a Blanket,No Division,112.1
423.l.219013.t.1,P01135809,No Division,146.98,3,2023,423.l.219013.t.8,BoneZone,No Division,97.4
423.l.219013.t.8,BoneZone,No Division,97.4,3,2023,423.l.219013.t.1,P01135809,No Division,146.98
423.l.219013.t.2,PAC 4 Playboys,No Division,104.02,3,2023,423.l.219013.t.9,Luke Menoots,No Division,112.52
423.l.219013.t.9,Luke Menoots,No Division,112.52,3,2023,423.l.219013.t.2,PAC 4 Playboys,No Division,104.02
423.l.219013.t.3,Rocket Man,No Division,94.48,3,2023,423.l.219013.t.10,Zynfinity  Beyond,No Division,82.54
423.l.219013.t.10,Zynfinity  Beyond,No Division,82.54,3,2023,423.l.219013.t.3,Rocket Man,No Division,94.48
423.l.219013.t.4,SHIT CUNT BULLSHIT,No Division,112.94,3,2023,423.l.219013.t.6,Diggs in a Blanket,No Division,138.86
423.l.219013.t.6,Diggs in a Blanket,No Division,138.86,3,2023,423.l.219013.t.4,SHIT CUNT BULLSHIT,No Division,112.94
423.l.219013.t.5,Champs Chosen Ones,No Division,133.06,3,2023,423.l.219013.t.7,Sharknadoes,No Division,132.14
423.l.219013.t.7,Sharknadoes,No Division,132.14,3,2023,423.l.219013.t.5,Champs Chosen Ones,No Division,133.06
423.l.219013.t.1,P01135809,No Division,78.54,4,2023,423.l.219013.t.9,Luke Menoots,No Division,130.8
423.l.219013.t.9,Luke Menoots,No Division,130.8,4,2023,423.l.219013.t.1,P01135809,No Division,78.54
423.l.219013.t.2,PAC 4 Playboys,No Division,100.84,4,2023,423.l.219013.t.5,Champs Chosen Ones,No Division,94.7
423.l.219013.t.5,Champs Chosen Ones,No Division,94.7,4,2023,423.l.219013.t.2,PAC 4 Playboys,No Division,100.84
423.l.219013.t.3,Rocket Man,No Division,80.48,4,2023,423.l.219013.t.6,Diggs in a Blanket,No Division,128.5
423.l.219013.t.6,Diggs in a Blanket,No Division,128.5,4,2023,423.l.219013.t.3,Rocket Man,No Division,80.48
423.l.219013.t.4,SHIT CUNT BULLSHIT,No Division,95.82,4,2023,423.l.219013.t.7,Sharknadoes,No Division,119.46
423.l.219013.t.7,Sharknadoes,No Division,119.46,4,2023,423.l.219013.t.4,SHIT CUNT BULLSHIT,No Division,95.82
423.l.219013.t.8,BoneZone,No Division,99.5,4,2023,423.l.219013.t.10,Zynfinity  Beyond,No Division,80.94
423.l.219013.t.10,Zynfinity  Beyond,No Division,80.94,4,2023,423.l.219013.t.8,BoneZone,No Division,99.5
423.l.219013.t.1,P01135809,No Division,66.62,5,2023,423.l.219013.t.2,PAC 4 Playboys,No Division,115.54
423.l.219013.t.2,PAC 4 Playboys,No Division,115.54,5,2023,423.l.219013.t.1,P01135809,No Division,66.62
423.l.219013.t.3,Rocket Man,No Division,122.66,5,2023,423.l.219013.t.8,BoneZone,No Division,96.76
423.l.219013.t.8,BoneZone,No Division,96.76,5,2023,423.l.219013.t.3,Rocket Man,No Division,122.66
423.l.219013.t.4,SHIT CUNT BULLSHIT,No Division,126.22,5,2023,423.l.219013.t.5,Champs Chosen Ones,No Division,131.6
423.l.219013.t.5,Champs Chosen Ones,No Division,131.6,5,2023,423.l.219013.t.4,SHIT CUNT BULLSHIT,No Division,126.22
423.l.219013.t.6,Diggs in a Blanket,No Division,145.44,5,2023,423.l.219013.t.7,Sharknadoes,No Division,86.98
423.l.219013.t.7,Sharknadoes,No Division,86.98,5,2023,423.l.219013.t.6,Diggs in a Blanket,No Division,145.44
423.l.219013.t.9,Luke Menoots,No Division,87.9,5,2023,423.l.219013.t.10,Zynfinity  Beyond,No Division,95.24
423.l.219013.t.10,Zynfinity  Beyond,No Division,95.24,5,2023,423.l.219013.t.9,Luke Menoots,No Division,87.9
423.l.219013.t.1,P01135809,No Division,70.22,6,2023,423.l.219013.t.10,Zynfinity  Beyond,No Division,79.0
423.l.219013.t.10,Zynfinity  Beyond,No Division,79.0,6,2023,423.l.219013.t.1,P01135809,No Division,70.22
423.l.219013.t.2,PAC 4 Playboys,No Division,82.8,6,2023,423.l.219013.t.4,SHIT CUNT BULLSHIT,No Division,123.58
423.l.219013.t.4,SHIT CUNT BULLSHIT,No Division,123.58,6,2023,423.l.219013.t.2,PAC 4 Playboys,No Division,82.8
423.l.219013.t.3,Rocket Man,No Division,104.1,6,2023,423.l.219013.t.7,Sharknadoes,No Division,116.22
423.l.219013.t.7,Sharknadoes,No Division,116.22,6,2023,423.l.219013.t.3,Rocket Man,No Division,104.1
423.l.219013.t.5,Champs Chosen Ones,No Division,119.64,6,2023,423.l.219013.t.9,Luke Menoots,No Division,89.18
423.l.219013.t.9,Luke Menoots,No Division,89.18,6,2023,423.l.219013.t.5,Champs Chosen Ones,No Division,119.64
423.l.219013.t.6,Diggs in a Blanket,No Division,106.32,6,2023,423.l.219013.t.8,BoneZone,No Division,84.84
423.l.219013.t.8,BoneZone,No Division,84.84,6,2023,423.l.219013.t.6,Diggs in a Blanket,No Division,106.32
423.l.219013.t.1,P01135809,No Division,92.26,7,2023,423.l.219013.t.3,Rocket Man,No Division,83.02
423.l.219013.t.3,Rocket Man,No Division,83.02,7,2023,423.l.219013.t.1,P01135809,No Division,92.26
423.l.219013.t.2,PAC 4 Playboys,No Division,95.66,7,2023,423.l.219013.t.7,Sharknadoes,No Division,99.94
423.l.219013.t.7,Sharknadoes,No Division,99.94,7,2023,423.l.219013.t.2,PAC 4 Playboys,No Division,95.66
423.l.219013.t.4,SHIT CUNT BULLSHIT,No Division,74.98,7,2023,423.l.219013.t.8,BoneZone,No Division,103.54
423.l.219013.t.8,BoneZone,No Division,103.54,7,2023,423.l.219013.t.4,SHIT CUNT BULLSHIT,No Division,74.98
423.l.219013.t.5,Champs Chosen Ones,No Division,123.96,7,2023,423.l.219013.t.10,Zynfinity  Beyond,No Division,100.58
423.l.219013.t.10,Zynfinity  Beyond,No Division,100.58,7,2023,423.l.219013.t.5,Champs Chosen Ones,No Division,123.96
423.l.219013.t.6,Diggs in a Blanket,No Division,112.56,7,2023,423.l.219013.t.9,Luke Menoots,No Division,123.52
423.l.219013.t.9,Luke Menoots,No Division,123.52,7,2023,423.l.219013.t.6,Diggs in a Blanket,No Division,112.56
423.l.219013.t.1,P01135809,No Division,116.8,8,2023,423.l.219013.t.5,Champs Chosen Ones,No Division,113.98
423.l.219013.t.5,Champs Chosen Ones,No Division,113.98,8,2023,423.l.219013.t.1,P01135809,No Division,116.8
423.l.219013.t.2,PAC 4 Playboys,No Division,118.58,8,2023,423.l.219013.t.4,SHIT CUNT BULLSHIT,No Division,108.84
423.l.219013.t.4,SHIT CUNT BULLSHIT,No Division,108.84,8,2023,423.l.219013.t.2,PAC 4 Playboys,No Division,118.58
423.l.219013.t.3,Rocket Man,No Division,112.1,8,2023,423.l.219013.t.9,Luke Menoots,No Division,91.2
423.l.219013.t.9,Luke Menoots,No Division,91.2,8,2023,423.l.219013.t.3,Rocket Man,No Division,112.1
423.l.219013.t.6,Diggs in a Blanket,No Division,99.52,8,2023,423.l.219013.t.8,BoneZone,No Division,104.6
423.l.219013.t.8,BoneZone,No Division,104.6,8,2023,423.l.219013.t.6,Diggs in a Blanket,No Division,99.52
423.l.219013.t.7,Sharknadoes,No Division,115.88,8,2023,423.l.219013.t.10,Zynfinity  Beyond,No Division,99.92
423.l.219013.t.10,Zynfinity  Beyond,No Division,99.92,8,2023,423.l.219013.t.7,Sharknadoes,No Division,115.88
423.l.219013.t.1,P01135809,No Division,104.68,9,2023,423.l.219013.t.6,Diggs in a Blanket,No Division,117.0
423.l.219013.t.6,Diggs in a Blanket,No Division,117.0,9,2023,423.l.219013.t.1,P01135809,No Division,104.68
423.l.219013.t.2,PAC 4 Playboys,No Division,89.36,9,2023,423.l.219013.t.3,Rocket Man,No Division,76.28
423.l.219013.t.3,Rocket Man,No Division,76.28,9,2023,423.l.219013.t.2,PAC 4 Playboys,No Division,89.36
423.l.219013.t.4,SHIT CUNT BULLSHIT,No Division,94.78,9,2023,423.l.219013.t.10,Zynfinity  Beyond,No Division,74.48
423.l.219013.t.10,Zynfinity  Beyond,No Division,74.48,9,2023,423.l.219013.t.4,SHIT CUNT BULLSHIT,No Division,94.78
423.l.219013.t.5,Champs Chosen Ones,No Division,123.64,9,2023,423.l.219013.t.8,BoneZone,No Division,110.22
423.l.219013.t.8,BoneZone,No Division,110.22,9,2023,423.l.219013.t.5,Champs Chosen Ones,No Division,123.64
423.l.219013.t.7,Sharknadoes,No Division,91.32,9,2023,423.l.219013.t.9,Luke Menoots,No Division,103.74
423.l.219013.t.9,Luke Menoots,No Division,103.74,9,2023,423.l.219013.t.7,Sharknadoes,No Division,91.32
423.l.219013.t.1,P01135809,No Division,99.34,10,2023,423.l.219013.t.4,SHIT CUNT BULLSHIT,No Division,95.48
423.l.219013.t.4,SHIT CUNT BULLSHIT,No Division,95.48,10,2023,423.l.219013.t.1,P01135809,No Division,99.34
423.l.219013.t.2,PAC 4 Playboys,No Division,125.02,10,2023,423.l.219013.t.10,Zynfinity  Beyond,No Division,112.08
423.l.219013.t.10,Zynfinity  Beyond,No Division,112.08,10,2023,423.l.219013.t.2,PAC 4 Playboys,No Division,125.02
423.l.219013.t.3,Rocket Man,No Division,135.8,10,2023,423.l.219013.t.9,Luke Menoots,No Division,124.02
423.l.219013.t.9,Luke Menoots,No Division,124.02,10,2023,423.l.219013.t.3,Rocket Man,No Division,135.8
423.l.219013.t.5,Champs Chosen Ones,No Division,84.24,10,2023,423.l.219013.t.6,Diggs in a Blanket,No Division,102.2
423.l.219013.t.6,Diggs in a Blanket,No Division,102.2,10,2023,423.l.219013.t.5,Champs Chosen Ones,No Division,84.24
423.l.219013.t.7,Sharknadoes,No Division,136.26,10,2023,423.l.219013.t.8,BoneZone,No Division,114.38
423.l.219013.t.8,BoneZone,No Division,114.38,10,2023,423.l.219013.t.7,Sharknadoes,No Division,136.26
423.l.219013.t.1,P01135809,No Division,113.74,11,2023,423.l.219013.t.7,Sharknadoes,No Division,122.32
423.l.219013.t.7,Sharknadoes,No Division,122.32,11,2023,423.l.219013.t.1,P01135809,No Division,113.74
423.l.219013.t.2,PAC 4 Playboys,No Division,100.46,11,2023,423.l.219013.t.6,Diggs in a Blanket,No Division,102.0
423.l.219013.t.6,Diggs in a Blanket,No Division,102.0,11,2023,423.l.219013.t.2,PAC 4 Playboys,No Division,100.46
423.l.219013.t.3,Rocket Man,No Division,86.9,11,2023,423.l.219013.t.5,Champs Chosen Ones,No Division,88.3
423.l.219013.t.5,Champs Chosen Ones,No Division,88.3,11,2023,423.l.219013.t.3,Rocket Man,No Division,86.9
423.l.219013.t.4,SHIT CUNT BULLSHIT,No Division,76.04,11,2023,423.l.219013.t.9,Luke Menoots,No Division,111.06
423.l.219013.t.9,Luke Menoots,No Division,111.06,11,2023,423.l.219013.t.4,SHIT CUNT BULLSHIT,No Division,76.04
423.l.219013.t.8,BoneZone,No Division,93.3,11,2023,423.l.219013.t.10,Zynfinity  Beyond,No Division,95.96
423.l.219013.t.10,Zynfinity  Beyond,No Division,95.96,11,2023,423.l.219013.t.8,BoneZone,No Division,93.3
423.l.219013.t.1,P01135809,No Division,69.94,12,2023,423.l.219013.t.6,Diggs in a Blanket,No Division,115.66
423.l.219013.t.6,Diggs in a Blanket,No Division,115.66,12,2023,423.l.219013.t.1,P01135809,No Division,69.94
423.l.219013.t.2,PAC 4 Playboys,No Division,125.54,12,2023,423.l.219013.t.9,Luke Menoots,No Division,131.6
423.l.219013.t.9,Luke Menoots,No Division,131.6,12,2023,423.l.219013.t.2,PAC 4 Playboys,No Division,125.54
423.l.219013.t.3,Rocket Man,No Division,101.94,12,2023,423.l.219013.t.10,Zynfinity  Beyond,No Division,100.94
423.l.219013.t.10,Zynfinity  Beyond,No Division,100.94,12,2023,423.l.219013.t.3,Rocket Man,No Division,101.94
423.l.219013.t.4,SHIT CUNT BULLSHIT,No Division,124.56,12,2023,423.l.219013.t.8,BoneZone,No Division,138.82
423.l.219013.t.8,BoneZone,No Division,138.82,12,2023,423.l.219013.t.4,SHIT CUNT BULLSHIT,No Division,124.56
423.l.219013.t.5,Champs Chosen Ones,No Division,131.24,12,2023,423.l.219013.t.7,Sharknadoes,No Division,131.4
423.l.219013.t.7,Sharknadoes,No Division,131.4,12,2023,423.l.219013.t.5,Champs Chosen Ones,No Division,131.24
423.l.219013.t.1,P01135809,No Division,87.92,13,2023,423.l.219013.t.10,Zynfinity  Beyond,No Division,128.74
423.l.219013.t.10,Zynfinity  Beyond,No Division,128.74,13,2023,423.l.219013.t.1,P01135809,No Division,87.92
423.l.219013.t.2,PAC 4 Playboys,No Division,106.48,13,2023,423.l.219013.t.8,BoneZone,No Division,126.48
423.l.219013.t.8,BoneZone,No Division,126.48,13,2023,423.l.219013.t.2,PAC 4 Playboys,No Division,106.48
423.l.219013.t.3,Rocket Man,No Division,92.24,13,2023,423.l.219013.t.7,Sharknadoes,No Division,113.34
423.l.219013.t.7,Sharknadoes,No Division,113.34,13,2023,423.l.219013.t.3,Rocket Man,No Division,92.24
423.l.219013.t.4,SHIT CUNT BULLSHIT,No Division,140.0,13,2023,423.l.219013.t.5,Champs Chosen Ones,No Division,92.54
423.l.219013.t.5,Champs Chosen Ones,No Division,92.54,13,2023,423.l.219013.t.4,SHIT CUNT BULLSHIT,No Division,140.0
423.l.219013.t.6,Diggs in a Blanket,No Division,88.52,13,2023,423.l.219013.t.9,Luke Menoots,No Division,129.24
423.l.219013.t.9,Luke Menoots,No Division,129.24,13,2023,423.l.219013.t.6,Diggs in a Blanket,No Division,88.52
423.l.219013.t.1,P01135809,No Division,100.54,14,2023,423.l.219013.t.3,Rocket Man,No Division,79.78
423.l.219013.t.3,Rocket Man,No Division,79.78,14,2023,423.l.219013.t.1,P01135809,No Division,100.54
423.l.219013.t.2,PAC 4 Playboys,No Division,104.64,14,2023,423.l.219013.t.7,Sharknadoes,No Division,92.7
423.l.219013.t.7,Sharknadoes,No Division,92.7,14,2023,423.l.219013.t.2,PAC 4 Playboys,No Division,104.64
423.l.219013.t.4,SHIT CUNT BULLSHIT,No Division,69.4,14,2023,423.l.219013.t.6,Diggs in a Blanket,No Division,112.34
423.l.219013.t.6,Diggs in a Blanket,No Division,112.34,14,2023,423.l.219013.t.4,SHIT CUNT BULLSHIT,No Division,69.4
423.l.219013.t.5,Champs Chosen Ones,No Division,78.36,14,2023,423.l.219013.t.10,Zynfinity  Beyond,No Division,88.5
423.l.219013.t.10,Zynfinity  Beyond,No Division,88.5,14,2023,423.l.219013.t.5,Champs Chosen Ones,No Division,78.36
423.l.219013.t.8,BoneZone,No Division,132.26,14,2023,423.l.219013.t.9,Luke Menoots,No Division,120.0
423.l.219013.t.9,Luke Menoots,No Division,120.0,14,2023,423.l.219013.t.8,BoneZone,No Division,132.26
423.l.219013.t.2,PAC 4 Playboys,No Division,98.86,15,2023,423.l.219013.t.9,Luke Menoots,No Division,153.98
423.l.219013.t.9,Luke Menoots,No Division,153.98,15,2023,423.l.219013.t.2,PAC 4 Playboys,No Division,98.86
423.l.219013.t.5,Champs Chosen Ones,No Division,74.14,15,2023,423.l.219013.t.8,BoneZone,No Division,122.14
423.l.219013.t.8,BoneZone,No Division,122.14,15,2023,423.l.219013.t.5,Champs Chosen Ones,No Division,74.14
423.l.219013.t.1,P01135809,No Division,98.36,16,2023,423.l.219013.t.10,Zynfinity  Beyond,No Division,86.68
423.l.219013.t.10,Zynfinity  Beyond,No Division,86.68,16,2023,423.l.219013.t.1,P01135809,No Division,98.36
423.l.219013.t.2,PAC 4 Playboys,No Division,89.98,16,2023,423.l.219013.t.5,Champs Chosen Ones,No Division,99.92
423.l.219013.t.5,Champs Chosen Ones,No Division,99.92,16,2023,423.l.219013.t.2,PAC 4 Playboys,No Division,89.98
423.l.219013.t.3,Rocket Man,No Division,95.48,16,2023,423.l.219013.t.4,SHIT CUNT BULLSHIT,No Division,106.58
423.l.219013.t.4,SHIT CUNT BULLSHIT,No Division,106.58,16,2023,423.l.219013.t.3,Rocket Man,No Division,95.48
423.l.219013.t.6,Diggs in a Blanket,No Division,80.58,16,2023,423.l.219013.t.9,Luke Menoots,No Division,130.14
423.l.219013.t.9,Luke Menoots,No Division,130.14,16,2023,423.l.219013.t.6,Diggs in a Blanket,No Division,80.58
423.l.219013.t.7,Sharknadoes,No Division,118.0,16,2023,423.l.219013.t.8,BoneZone,No Division,100.82
423.l.219013.t.8,BoneZone,No Division,100.82,16,2023,423.l.219013.t.7,Sharknadoes,No Division,118.0
423.l.219013.t.1,P01135809,No Division,119.66,17,2023,423.l.219013.t.4,SHIT CUNT BULLSHIT,No Division,110.1
423.l.219013.t.4,SHIT CUNT BULLSHIT,No Division,110.1,17,2023,423.l.219013.t.1,P01135809,No Division,119.66
423.l.219013.t.3,Rocket Man,No Division,59.3,17,2023,423.l.219013.t.10,Zynfinity  Beyond,No Division,104.2
423.l.219013.t.10,Zynfinity  Beyond,No Division,104.2,17,2023,423.l.219013.t.3,Rocket Man,No Division,59.3
423.l.219013.t.6,Diggs in a Blanket,No Division,87.62,17,2023,423.l.219013.t.8,BoneZone,No Division,110.58
423.l.219013.t.8,BoneZone,No Division,110.58,17,2023,423.l.219013.t.6,Diggs in a Blanket,No Division,87.62
423.l.219013.t.7,Sharknadoes,No Division,134.46,17,2023,423.l.219013.t.9,Luke Menoots,No Division,101.66
423.l.219013.t.9,Luke Menoots,No Division,101.66,17,2023,423.l.219013.t.7,Sharknadoes,No Division,134.46
